Nombre,Â¿QuÃ© venden?,Municipio,EncuÃ©ntrales online,Otro contacto online
A Granel,ğŸ¥’ğŸ¥©ğŸ‹AlimentaciÃ³n a granel,Granada,https://agranelgranada.com/,https://instagram.com/agranelgranada
Abside,ğŸ Regalos,Granada ,www.absideshop.es,https://instagram.com/Absideshop
Abuela ili Chocolate,"ğŸ«â˜• Chocolate artesano de sabores, bombones",Pampaneira,https://www.abuelailichocolates.com/tienda,https://instagram.com/abuelaili
Aceites Gonzalo Castro ,ğŸŒ»ğŸº Aceite de oliva virgen extra y de girasol,CÃºllar Vega,www.aceitesgonzalocastro.com,https://www.facebook.com/Aceites-Gonzalo-Castro-100732911620452/
Aceites Mazuecos,ğŸºAceite de oliva virgen extra,EscÃºzar,https://www.aceitesmazuecos.com/,
Aceites Montevilla,ğŸºAceite de Oliva,MontefrÃ­o,https://www.aceitesmontevilla.com/,
Ãgora Beauty ,"ğŸ’…ğŸ’„Producto para uÃ±as, producto para extensiones de pestaÃ±as, make up, producto facial",Granada ,https://ecommerce.koibox.cloud/#/centro/agorabeauty/,https://www.instagram.com/agorasalondebelleza/
Ãgora CÃ³mic,â™Ÿï¸ Juegos de mesa,Armilla,https://agoracomic.es,
Aguas de Luna,ğŸ· ArtÃ­culos de menstruaciÃ³n sostenible ğŸ©¸,Granada,https://aguasdeluna.es/,https://www.instagram.com/aguasdeluna/
AIive Granada Helly Hansen,â›·ï¸ğŸ§¤ Ropa tÃ©cnica,Granada,https://www.facebook.com/HHALIVEGranada/,https://www.facebook.com/HHALIVEGranada/
Aire andaluz ,ğŸ‘šğŸ¥¾ Ropa y complementos,Granada ,https://aireandaluz.es/,https://www.instagram.com/aireandaluz/
Ajedrea CosmÃ©tica EcolÃ³gico,"ğŸ§¼ğŸ’„ CosmÃ©tica ecolÃ³gica, jabones, cremas y perfumes hechos en Granada",Granada,https://www.ajedrea.com/,https://www.instagram.com/ajedrea_cosmetica/
Al agua patos,ğŸ‘šğŸ‘– Ropa infantil y juvenil,Guadix ,https://www.facebook.com/Al-agua-patos-1182732815240782/,https://instagram.com/Al_agua_patos_2019
Al sur de Granada,"ğŸ·ğŸ¥«ğŸ¥‘ Productos de cercanÃ­a, verduras ecolÃ³gicas, vino",Granada,http://www.alsurdegranada.net/,https://instagram.com/alsurdegranadagram
Aladip Fiestas,"ğŸˆğŸ¦¸ Disfraces, Globos",Albolote,https://www.aladipfiestas.com/,https://twitter.com/aladipfiestas
Alalba,ğŸ‘—ğŸ‘œ Ropa y complementos ,Peligros,https://alalbamoda.es/,
Alma,ğŸ‘œğŸ“¿ğŸ’Complementos Mujer,Santa Fe,https://instagram.com/alma_by_manoli_castro?igshid=10l2yofu4czra,https://www.facebook.com/almabymanolicastro/
Alma Boutique,ğŸ‘šğŸ‘– Ropa,Granada,https://almagranada.com/,https://www.instagram.com/boutiquealma/
Alma imagina ,âœ‚ï¸ğŸ§µMateriales y formaciÃ³n on line de manualidades,Granada ,www.almaimagina.com,https://www.instagram.com//almaimagina/
Alma y Tierra,"ğŸŒ¿ğŸ’„ ArtesanÃ­a local, herboristerÃ­a, cosmÃ©tica natural",Granada,https://www.almaytierra.com/,https://www.instagram.com/alma_y_tierra/
Almacenes MorÃ³n ,"Golosinas, Globos, disfraces, artÃ­culos de hostelerÃ­a ",Motril,https://almacenesmoron.es/,https://www.instagram.com/almacenesmoron/
Alquimia,ğŸ‘š ğŸ‘– Moda Ã‰tica y Sostenible de mujer y hombre,Granada,https://www.alquimiagranadashop.com/,https://www.instagram.com/alquimiagranada/
Alquimia Pervane,Perfumes artesanales,Granada,http://alquimiapervane.com/,https://instagram.com/alquimiapervane
Alssport Granada,ğŸ‘ŸğŸ›£ï¸â›°ï¸ Material especialista para corredores tanto en asfalto como montaÃ±a,Albolote,www.alssport.es,https://www.instagram.com/als_sport/
Am publicistas ,ğŸ Regalos de empresa. Merchandising ,Granada,https://ampublicistas.com/,
Amano Guilleas,ğŸ’ğŸ“¿Figuras artesanas propias y joyerÃ­a hecha a mano provenientes de Mexico,Granada,https://amanoguilleas.com/,https://instagram.com/amano.guilleas
Amarga y Pica,ğŸºAceite de Oliva Virgen Extra,Granada,https://www.amargaypica.com/,
Ambadecor,ğŸ–¼ï¸ğŸ¨ DecoraciÃ³n de paredes,Granada ,https://ambadecor.com/,https://www.instagram.com/ambadecor/
Ana Leal Patchwork,Telas y accesorios de patchwork,HuÃ©tor Vega,https://analeal.com,https://www.instagram.com/analealanguita/?hl=es
Ana pilar ,âš—ï¸ğŸ‘ƒPerfumerÃ­a ,Granada,https://anapilarperfumerias.es/,https://www.facebook.com/AnaPilarPerfumerias/
Ananke,ğŸ§¼ CosmÃ©tica natural local,Granada,https://anankecosmetics.com/,https://www.instagram.com/anankecosmetics/
Ananta,ğŸ‘—ğŸ‘œRopa y complementos de mujer,Guadix,http://www.anantamoda.com/,https://instagram.com/ananta_moda_y_complementos 
Anay LencerÃ­a ,"ğŸ‘™ Lenceria, ropa interior, medias, baÃ±adores",Granada ,Anaylenceria.es,https://www.facebook.com/anaylenceriagranada/
AnchurÃ³n,ğŸ· Vino,Darro,https://tienda.anchuron.es,https://www.instagram.com/bodegaanchuron/
Antonia Romero Complementos,ğŸ‘—ğŸ‘œ Moda y complementos de mujer y hombre,Maracena ,https://www.facebook.com/antoniaromerocomplementos,https://www.instagram.com/antoniaromerocomplementos/
ApisNatura,"ğŸ ğŸ¯ Miel, prÃ³polis y polen",Granada,https://mielypropolis.com/,https://www.instagram.com/ApisNatura/
Arcade Express,"ğŸ®ğŸ‘¾ğŸ•¹ï¸ MÃ¡quinas Arcade, Accesorios Videojuegos Retro",Granada,https://www.arcadexpress.com/es/,https://www.instagram.com/arcadexpress/?hl=es
Armiprint,"ArtÃ­culos personalizados (Regalos, ropa, mascarillas...) , imprenta, regalos corporativos... ",Armilla,www.armiprint.es,https://instagram.com/Armiprint
AromatizatÃ©-La casa de las Matanzas,ğŸµğŸºğŸ·Especias. TÃ©s.cafÃ©s. delicatessen. HerboristerÃ­a. Vinos. Cervezas. Dulces. Panes. Miel. Chocolates....,Granada,Aromatizate-matanzas.com,https://instagram.com/lacasadelasmatanzas_
ArtesanÃ­a del Ãrbol ,Taracea Granadina a mano,Granada,www.delarbol.net ,https://www.instagram.com/artesania_del_arbol_/
AscensiÃ³n Alcaide ,"Pelucas, Gorros OncolÃ³gicos y PrÃ³tesis Capilares ",Granada,https://tuspelucas.com/,https://www.instagram.com/ascensionalcaide_/
Atelier Arantxa Orantes ,"ğŸ‘° Prendas, bisuterÃ­a granadina, tocados ",Granada ,https://arantxa-orantes.es/,https://www.instagram.com/arantxaorantes/
Atigra Consultores InformÃ¡ticos,"ğŸ–¥ï¸ğŸ¤– Material InformÃ¡tico, RobÃ³tica Educativa, FormaciÃ³n y Servicios",Granada,https://atigra.es/,https://twitter.com/atigratecnicos/
AÃºpa,ğŸš¸Juguetes educativos,Motril,https://www.aupacrianza.com/,https://www.instagram.com/aupacrianza/
Avalon Modas,ğŸ‘—ğŸ‘œğŸ‘š Ropa de mujer tallas grandes,Granada,avalonmodas.com,https://instagram.com/avalonmodas
AvÃ­cola Cresta Libre S.L.,ğŸ¥š Huevos ecolÃ³gicos ,Granada,https://crestalibre.es/,
Aviguardal S.L.,ğŸ¥š Huevos ecolÃ³gicos,Granada,https://www.aviguardal.es/,https://twitter.com/Aviguardal
Azabache Stylo,"ğŸ’ƒğŸ©°Flamenco, Danza , Ballet,  Baile De SalÃ³n.",Granada,https://azabache.online/,https://www.facebook.com/AzabacheStylo
Azahara lencerÃ­a ,"LencerÃ­a de mujer y hombre, embarazo, mastectomia ",Guadix ,Www.lapetiteazahara.com ,https://www.instagram.com/lapetiteazahara/
Babu Kids,ğŸ‘¶ğŸ‘§ğŸ‘± Ropa y complementos para bebÃ©s y niÃ±os,Maracena,www.babukids.es,
Balakook,ğŸš²ğŸ›´ Bicicletas y Patinetes elÃ©ctricos,Granada,https://www.facebook.com/BalakookTeam,https://www.instagram.com/balakook/
Bambalina,ğŸ‘— Moda y complementos,Granada,https://bambalinaonline.com/,https://www.instagram.com/bambalina.online/
Barbara Claudia ,Ropa infantil 0 a 16ğŸ‘¶ğŸ‘¦ğŸ‘§ComuniÃ³n ğŸ’’ceremonia,Guadix,Barbaraclaudia.com,https://instagram.com/Barbaraclaudia_modainfantil
Barbariak,ğŸ’ Joyeria artesanal ,Granada,www.barbariak.es ,https://instagram.com/Barbariak.Barbariak 
Batiburrillo Joyas,ğŸ’ JoyerÃ­a hecha a mano en plata,Ã“rgiva ,www.batiburrillojoyas.com,https://instagram.com/batiburrillo_joyas
Bazar Taro,"ğŸ“² Accesorios para mÃ³viles, relojeria, radios... ",Granada,https://www.facebook.com/bazartarogranada/,https://instagram.com/bazartaro
Be Hero,Figuras 3D personalizadas,Granada,https://www.beheroweb.com,https://instagram.com/behero_figures
Beautytheshop,"ğŸ’„Perfumes, cosmÃ©tica, maquillaje ",Granada,www.beautytheshop.com,https://instagram.com/beautytheshop?igshid=1099jho7bbixu
beevoo.net,ğŸğŸ¯ Miel y aceite de oliva virgen extra de Granada,DÃ­lar,https://beevoo.net,https://www.instagram.com/beevoo_net/
Bel Boton Boutique,ğŸ‘— Moda mujer y regalos,Granada,https://belboton.com,https://www.instagram.com/Belboton_boutique/
BenalÃºa,ğŸ’ JoyerÃ­a artesanal,Granada,https://www.tallerbenalua.com/,https://instagram.com/tallerbenalua
Bere Casillas Granada,"ğŸ¤µğŸ‘”ğŸ§¦ Trajes de hombre y complementos: corbatas, pajaritas, cinturones, gemelos, camisas, calcetines...",OgÃ­jares ,www.Berecasillasgranada.com,https://instagram.com/Bere_casillas_granada_
BERNAPATCH,Materiales costura y patchwork,HuÃ©tor Vega,www.bernapatchgranada.com,https://www.instagram.com/bernapatch_patchwork/
Berta Arantave,Productos cosmeticos,Granada,https://www.bertaarantave.com/tienda/,https://www.facebook.com/bertaarantave
Best Print,"ğŸ—‚ï¸ğŸ–¨ï¸ğŸ—„ï¸Material oficina, mobiliario oficina y papelerÃ­a.",Granada,https://bppapeleria.es/,
Bil bil,Ropa de marca,Granada,http://www.bilbil.es,https://www.instagram.com/bilbilgranada/
Biomasa Market,"ğŸŒ¡ï¸ Pellet, hueso de aceituna, LeÃ±a, cascara de almendra",Peligros,https://www.biomasamarket.com/,https://twitter.com/biomasamarket
Bioprox,ğŸ’ªğŸ‹ï¸ NutriciÃ³n deportiva,Peligros,https://bioprox.es/,https://www.instagram.com/bioproxnutrition
Black & white,"Lenceria, pijamas, baÃ±o, pantuflas",OgÃ­jares,https://www.facebook.com/blackwhitemdq/,https://www.facebook.com/blackwhitemdq/
Blag Surf Kids,ğŸ‘š Ropa Infantil ğŸ‘¶ğŸ‘¦ğŸ‘§,Motril,https://www.blagsurfkids.com/,https://www.instagram.com/blag_suf_kids/
Blanc Du Nil,"Ropa y complementos mujer, hombre y niÃ±os ",Granada,https://www.instagram.com/ropablancaengranada/,https://www.instagram.com/ropablancaengranada/
Bloqueo,ğŸ‘šğŸ‘— Ropa de seÃ±ora,Granada ,www.bloqueomoda.es,https://instagram.com/bloqueomoda
Blueberry,ğŸ‘ğŸ‘  zapatos y complementos,Armilla,https://moicco.com/moicco/blueberry/,https://www.facebook.com/blueberryarmilla/
Bodegas Vertijana,ğŸ· Vino,PolÃ­car,https://www.facebook.com/vertijana,https://www.instagram.com/bodegasvertijana/
BolsosCalzadosDori,"ğŸ‘œ ğŸ‘ Bolsos, Zapatos, Billeteros, artÃ­culos de viaje, complementos para el hombre y mujer",Granada,https://bolsoscalzadosdori.negocio.site,https://instagram.com/bolsoscalzadosdori
Bonnoir chocolates y bombones,"ğŸ« ğŸ¬ Bombones y chocolate artesano, marrÃ³n glacÃ© y turrones de chocolate",Granada,https://bonnoir.eu/,https://instagram.com/Chocolatesbonnoir 
bordagran,"camisetas, sudaderas, ropa sanitaria, uniformes laborales",Granada,www.bordagran.com,https://instagram.com/bordagran
Borealrelax,Masajes y Rituales Spa,Granada,https://borealrelax.es/,https://www.instagram.com/borealrelax_centro_de_masajes/
Boutique Glamglam ,"ğŸ‘—ğŸ‘œğŸ‘š Ropa para mujer y complementos, de conocidas marcas espaÃ±olas ",Motril ,www.boutiqueglamglam.com ,https://instagram.com/boutique_glamglam
Brico Acoil,"ğŸ§°ğŸ”©ğŸ‘¨ğŸ»â€ğŸŒ¾Venta de artÃ­culos de ferreterÃ­a, bricolaje, jardinerÃ­a, menaje y decoraciÃ³n en el corazÃ³n de Granada",Granada,http://shop.bricoacoil.com/,https://instagram.com/bricoacoil
Bricolaje y manualidades DoÃ±a,âœ‚ï¸ Productos de manualidades,Granada,http://bricolajedona.com/,https://instagram.com/bricolagedona
BSM Bikes,ğŸš´ğŸ½ Bicicletas y repuestos ,Churriana de la Vega,http://www.bsmbikes.com/,https://www.instagram.com/bsmbikes_oficial/
Cadmio Bellas Artes,ğŸ¨ğŸ–Œï¸ğŸ—¿ Material para bellas artes y restauraciÃ³n ,Granada,www.cadmiobellasartes.es,https://instagram.com/cadmiobellasartes
Calzado Alba Ferrer,ğŸ‘œğŸ‘  Zapatos y complementos ,Granada ,https://www.zapatosalbaferrer.es/,https://www.instagram.com/Alba.ferrer.zapatos/
Calzado y Complementos Silvi,"ğŸ‘¢ğŸ‘ğŸ‘œBotas, Bolsos, Complementos, Zapatilla de casa",Granada,https://www.facebook.com/Calzado-y-Complementos-Silvi-103432274590539/,https://www.facebook.com/Calzado-y-Complementos-Silvi-103432274590539/
Calzados  Nico,ğŸ‘ Calzado infantil,Granada,https://calzadosnico.com/,
Calzados Confortpiel,"ğŸ‘ ğŸ‘œ Zapatos, bolsos y complementos",Baza,https://www.instagram.com/calzadosconfortpiel/,https://instagram.com/calzadosconfortpiel
Calzados Garabatos,"ğŸ‘ğŸ‘¶ Zapatos bebÃ©,infantil y juvenil",Granada,https://www.facebook.com/Calzados-Garabatos-211860605554988/,https://instagram.com/Calzadosgarabatos
Calzados Lica SL,ğŸ‘ ğŸ‘ Calzado y complementos,Valderrubio ,https://www.facebook.com/Calzados-LICA-SL-918410554857419,https://www.facebook.com/Calzados-LICA-SL-918410554857419
Calzados MarÃ­a Teresa,"Zapatos, zapatillas, deportivos, bota montaÃ±a y trabajo ",CÃºllar Vega,https://www.facebook.com/Calzados-Mar%C3%ADa-Teresa-109923234062116,https://www.facebook.com/Calzados-Mar%C3%ADa-Teresa-109923234062116
Calzados Rosa MaciÃ¡,ğŸ‘ ğŸ‘ Calzado seÃ±ora y caballero,Granada,www.calzadosrosamacia.com ,https://www.facebook.com/calzadosrosamacia/
Calzados Sierra,ğŸ‘ ğŸ‘ Zapatos de seÃ±ora y caballero,Granada,https://www.instagram.com/calzados_sierra/,https://instagram.com/calzados_sierra
Calzados Sierra,Calzado seÃ±ora y caballero,Granada,https://calzadossierra.es/,https://instagram.com/calzados_sierra
Calzados ToÃ±i,ğŸ‘ ğŸ‘ Zapatos y complementos ,Peligros,https://instagram.com/calzadostoni,https://instagram.com/calzadostoni
CaÃ±a Nature ,Productos Saludables de AlimentaciÃ³n,EscÃºzar,https://www.cnature.es/,https://www.instagram.com/cnature__/
CanciÃ³n de Cuna,"Accesorios para bebÃ©s, sillas de auto, mobiliario, juguetes",Granada,https://canciondecuna.net/,https://www.instagram.com/canciondecuna_cdc/
Canicas,ğŸ‘¶ Moda infantil y reciÃ©n nacido. Canastilla y puericultura.,Granada ,www.canicasbebe.es,https://instagram.com/canicasbebe
Canoa Regalos,"ğŸ§¸ğŸğŸ’ Juguetes, Regalos, disfraces, mochilas, material escolar",La Zubia,www.canoaregalos.es,https://www.facebook.com/Canoagranada/
Caperucita Roja Moda ,Moda casual mujer ,Albolote ,https://caperucitarojamoda.com/,https://www.instagram.com/caperucitaroja_moda/
Carla Rosa MarÃ­a,"ğŸ›ï¸Textiles para el hogar: sabanas, toallas, fundas de edredÃ³n, cortinas...",Atarfe,https://www.facebook.com/Carla-Rosa-Mar%C3%ADa-304275676994296/,https://www.facebook.com/Carla-Rosa-Mar%C3%ADa-304275676994296/
Carmelofruit,ğŸ“ğŸ¥•Frutas y verduras,Granada,www.carmelofruit.com,https://instagram.com/_carmelofruit_
Carmen moda y complementos,"ğŸ‘šğŸ‘ ğŸ‘œRopa de mujer, calzado, bolsos",Pulianillas ,https://www.modascarmen.com/,https://instagram.com/carmenmoda_complementos
Carnicas Paquito,ğŸ–ğŸ¥©ğŸ¥“ CarnicerÃ­a y charcuteria,Granada,Www.carnicaspaquito.com,https://instagram.com/Carnicaspaquito
CarnicerÃ­a Adolfo ,"ğŸ–ğŸ¥©ğŸ¥“ CarnicerÃ­a, charcuterÃ­a, productos elaborados ",Granada,http://carniceriaadolfo.blogspot.com/?m=1,https://www.facebook.com/Carniceria-Charcuteria-Adolfo-1525659421058890/
CarnicerÃ­a Andaluces,ğŸ¥©Carnes y embutidos ğŸ”Preparados caseros ğŸ·JamÃ³n ğŸ˜‹Aperitivos ğŸ·Vinos,Granada,https://www.facebook.com/CarniceriaAndaluces/,https://www.instagram.com/carniceriaandaluces/
CarnicerÃ­a Casa La Picanta,ğŸ–ğŸ¥©ğŸ¥“ Carnes y embutidos,Granada,https://www.carnicerialapicantadeangel.es/es/carniceria-a-domicilio-granada.html,
CarnicerÃ­a Luis Javier,"ğŸ–ğŸ¥©ğŸ¥“ Carnes, embutido, jamones, productos gourmet , delicatesen. ",Granada,https://carnicerialuisjavier.com/,https://instagram.com/carnicasluisjavier
CarnicerÃ­a LujÃ¡n,"ğŸ–ğŸ¥©ğŸ¥“  Carne, embutidos y precocinados",Granada,http://www.carnicaslujan.es/,https://www.instagram.com/Carnenatural/
Carolina Bouquet ,ğŸŒ¼ğŸŒ· Flores a domicilio ,Granada,https://www.carolinabouquet.com/,https://www.instagram.com/carolinabouquet/
Carubas_official,ğŸ‘šğŸ‘˜ğŸ‘œ Ropa sostenible hecha en Granada,Granada,https://carubas.bigcartel.com/products?page=1,https://instagram.com/carubas_official
Casa Abierta,"ğŸ‘šğŸ“¿ğŸ ğŸ‘œArtÃ­culos de decoraciÃ³n para el hogar, bolsos, bisuterÃ­a, ropa de mujer",Granada,https://www.facebook.com/Casa-Abierta-434018510140987/,https://www.instagram.com/casabiertadecoracion/
Casa Muros Granel,"ğŸ¥œğŸ«â˜•ğŸLegumbres, frutos secos, cafÃ©, tÃ©, fruta deshidratada, pasta, harinas, chocolate",Granada,https://www.casamuros.es/,
Cashmoron,"ğŸ­ğŸ«Golosinas,ğŸ¿snacks, ğŸ‚tartas de chuches y kinder. PiÃ±atas",Albolote,https://www.cashmoron.es/,https://instagram.com/Cashmoron
Central Sport,ğŸ‘ŸğŸ‘Ÿ Calzado deportivo,"Granada, Motril",https://centralsport.online/,
Centro Ã“ptico Tablas,"Gafas sol, gafas graduadas, lentillas, liquidos lentillas...",Granada,https://www.centro-optico-tablas.com/,
CerÃ¡mica Micazuki,CerÃ¡mica y joyerÃ­a,Villamena,https://shop.micazuki.com/,https://instagram.com/ceramica_micazuki
Cervecea Beer Shop,Cervezas artesanales y productos gourmet,Atarfe,https://cervecea.com/,https://instagram.com/cervecea
Chic Complementos,ğŸ‘—ğŸ‘œğŸ‘š Ropa y accesorios de moda,Churriana de la Vega,https://www.facebook.com/chic.complementos.31,https://www.instagram.com/chiccomplementos_ana/
Chic Zapatos ,ğŸ‘ ğŸ‘  Zapatos piel zapatillas casa mujer hombre,Albolote,https://www.instagram.com/chiczapatosycomplementos,https://www.facebook.com/Chic-Moda-y-Complementos-1319907028160522/
CocÃ³ Complementos ,"ğŸ‘—ğŸ’ğŸ‘œ Ropa, bolsos, bisuteria y complementos",Granada,https://www.instagram.com/cococomplementos.shop/,https://instagram.com/cococomplementos.shop
Coco Montesinos Gabinete de EstÃ©tica,Tratamientos estÃ©tica y cosmÃ©ticos,Granada,https://www.facebook.com/Coco-Montesinos-205383552805506/,https://www.facebook.com/Coco-Montesinos-205383552805506/
Codigo Denim,Moda,Granada,www.codigodenim.com,https://instagram.com/codigodenim_
ColchonerÃ­a Nueva,"Colchones, canapÃ©s, bases, almohadas y textil hogar",Granada,https://www.todocolchones.es/,https://twitter.com/colchonueva
Colchonerias Nuevo Descanso,ğŸ›Œ Colchones y todo para la cama,Granada,https://nuevodescanso.com/,https://www.instagram.com/colchonerianuevodescanso/
ColibrÃ­ Clothes,ğŸ‘šğŸ‘— Ropa de mujer,Calicasas,www.colibriclothes.es,https://instagram.com/_colibri_clothes
Comic Stores,â™Ÿï¸ ğŸ“š Juegos de mesa y comics,Granada,https://comicstores.es/,https://twitter.com/comicstores
Con*Sumo Cuidado,"Productos ecolÃ³gicos de alimentaciÃ³n, higiene y limpieza",Granada,https://www.consumocuidado.org/,https://www.facebook.com/tienda.consumo.cuidado
Conforterapia ,"Colchones, almohadas, sillones relax, sofÃ¡s, ropa de cama etc.",Granada,https://conforterapia.es/,https://www.facebook.com/conforterapia/
Congelados Sol y Nieve,Productos frescos y congelados,OgÃ­jares,www.solynievesl.com,
CopisterÃ­a papelerÃ­a PrÃ­ncipe,"Material de Papeleria y maquetas, impresiones, encuadernaciones, plastificados...",Granada,https://www.instagram.com/copisteriaprincipe/,https://twitter.com/CopiPrincipe
Creaciones y arte,"ğŸ§µâœ‚ï¸Productos de manualidades,scrap, patchwork y bellas artes",Granada,https://www.creacionesyarte.es/,https://www.facebook.com/creacionesyartes/?rf=147640291955629
Createc 3D,"ArtÃ­culos impresiÃ³n 3D, RobÃ³tica, ElectrÃ³nica",Granada,https://createc3d.com/es/,https://instagram.com/Createc3D
Cruz Elvira ,"âœï¸ğŸ› Libros, Artesania, Regalos",Granada,www.cruzelvira.com,
Cuca boutique,Ropa y complementos para mujer.,Granada,https://www.facebook.com/cucaboutique/,https://instagram.com/cucaboutique
Cuentas y Pico,"ğŸ“¿ Abalorios, fornituras, cadenas, hilos... Material para diy",Granada,https://cuentasypico.es/,https://www.instagram.com/tiendacuentasypico/
Cuquitos,ğŸ‘¶ğŸ‘§ğŸ‘± Ropa infantil,Las Gabias,https://www.facebook.com/cuquitoslasgabias/,https://www.facebook.com/cuquitoslasgabias/
Custi Mikelo,Ropa y complementos seÃ±ora y caballero,Motril,https://www.facebook.com/Custi-Mikelo-MOTRIL-1676098185959222,https://www.facebook.com/Custi-Mikelo-MOTRIL-1676098185959222
D'casa hogar ,"ğŸ  DecoraciÃ³n, aromas y textil para el hogar",Atarfe,https://www.dcasahogar.com/,https://instagram.com/dcasa.raquel_alonso
D'Colchones,Colchones Sofas CanapÃ©s Almohadas Cabeceros Somieres Ropa de Hogar,Granada,https://www.facebook.com/Dcolchones/,https://www.facebook.com/Dcolchones/
D'Granada Souvenirs,"ArtesanÃ­a, regalos y recuerdos",Granada,https://www.dgranadasouvenirs.com/,https://www.facebook.com/GranadaSouvenir
Davichic,Tienda de ropa premamÃ¡ y  lactancia ,Granada ,https://davichic.es/,https://instagram.com/davichic.es
Delirium,ğŸ‘— Moda mujer,Loja,https://www.tiendasdelirium.com/,https://www.instagram.com/delirium_shops/
Deportes La Via,"Ropa, calzado y material deportivo",Granada,http://deporteslavia.com/,
Deportes Olimpo ,ArtÃ­culos de deporte. Running y Trail Running ,Granada ,https://www.facebook.com/DeportesOlimpo/,https://www.instagram.com/olimpotrailrunning
Deportes Sherpa,Material deportivo de montaÃ±a,Granada,https://sherpagranada.com/,https://www.instagram.com/Sherpagranada/
Deposito dental andalusi sl ,"ğŸ˜· Material de protecciÃ³n, mascarillas, geles, guantes, batas..",Granada,https://www.dental-andalusi.es/,
Discos Bora-Bora ,"Vinilos, cds, libros y merchandising ",Granada,www.discosborabora.com,https://instagram.com/DiscosBoraBora
Discos Marcapasos,"ğŸ§ğŸ’¿ Discos, Vinilos, CDâ€™s, libros, camisetas, accesorios ",Granada,https://www.discosmarcapasos.com/,https://www.instagram.com/discosmarcapasos/
Dismain Granada,"infomÃ¡tica, instrumentos musicales, electro-hogar, sonido e iluminaciÃ³n, servicio tÃ©cnico",Granada,www.dismain.es,https://instagram.com/dismaingranada
DJMania,"ğŸµ DJ, Sonido e Iluminacion",OgÃ­jares,https://djmania.es,https://twitter.com/DJManiaES
DLV Moda,Ropa hombre mujer niÃ±@ y hogar,Las gabias,https://www.facebook.com/DLV-MODA-976728139137027,https://instagram.com/DLVMODA
Domoelectra,ğŸ”ŒğŸ’¡ Electricidad y electrÃ³nica,Granada,https://www.domoelectra.com/tiendaonline/,https://twitter.com/DomoElectra
Dp3 ,"Ropa de hombre, mujer y niÃ±o, complementos y plata de ley",CÃºllar Vega,https://m.facebook.com/Dp3moda/?locale2=es_ES,https://www.instagram.com/dp3_moda/
Dr Fli,Sudaderas Camisetas y Gorras ,Granada ,https://www.drfli.com/,https://instagram.com/doctor_fli
Drogueria Las niÃ±as ,Productos de higiene y perfumes ,DÃºrcal,https://www.facebook.com/MercedesGarciaSC/,https://www.facebook.com/MercedesGarciaSC/
DUDU KIDS,Ropa y complementos niÃ±os de 0 a 10 aÃ±os,Granada,https://www.facebook.com/dudukidsgranada/,https://instagram.com/dudukids_parquealmunia?igshid=15clf2f6dzu61
Duende,Ropa,Granada,https://www.duende.es/,https://www.instagram.com/duendecoleccion
DZuecos by RomÃ¡n ,ğŸ‘ Zuecos de madera ,Pulianas ,https://www.facebook.com/DZuecos-by-RomÃ¡n-granada-1957458607866986/,https://www.facebook.com/DZuecos-by-RomÃ¡n-granada-1957458607866986/
Ecoco Baby & Kids,Ropa infantil,Granada,https://ecocokids.com/,https://instagram.com/Ecocokids
ECOeco,"AlimentaciÃ³n ecolÃ³gica, vegana, cosmÃ©tica sÃ³lida, hogar sin tÃ³xicos, granel, fruta y verdura ecolÃ³gica, etc...y clases de cocina,  ahora",Granada,https://www.ecoecoshop.com/,https://www.instagram.com/ecoecoshop/
Ecojaral,ğŸ… Frutas y verduras ecolÃ³gicas de temporada,Granada,https://ecojaral.com/,https://www.instagram.com/ecojaral/
EcoJaral - Productos EcolÃ³gicos,Productores de verdura y fruta ecolÃ³gica. Reparto a domicilio,Granada,https://ecojaral.com,https://instagram.com/ecojaral
Ecotienda Umbela,"AlimentaciÃ³n ecolÃ³gica, productos frescos, cosmÃ©tica y herbolario bio",Granada,https://www.facebook.com/ecotienda.umbela/,https://www.instagram.com/ecotiendaumbela/
EdÃ©n Tallas Grandes,Ropa de mujer en tallas grandes,Granada,www.edentallasgrandes.com,https://instagram.com/edentallasgrandes
Editorial Quaestio,Libros,Granada,https://editorialquaestio.es/,https://twitter.com/Edit_Quaestio
EG CONTROL H20,"ğŸŠğŸ”ğŸŒ± Decoracion, jardin, ferreteria",Calicasas,https://egcontrolh2o.com/,
Ekipa-T Ropa Laboral,ğŸ¦ºğŸ¥¼ğŸ‘”ğŸ¥¾ğŸ‘– Ropa de trabajo y vestuario laboral,Granada,https://ekipa-t.es/,https://instagram.com/Ekipat_ropalaboral
El Acerico mercerÃ­a creativa,ArtÃ­culos de mercerÃ­a y artÃ­culos hechos a mano,Granada,http://www.elacericomerceriacreativa.com/,https://instagram.com/elacericogranada
El Arca de NoÃ© ,ğŸ‘ Calzado infantil ,Granada ,https://calzadoinfantilelarcadenoe.com/,https://www.instagram.com/elarcadenoegranada/
El ArcÃ³n de Grachi,ğŸ‘šğŸ‘–ğŸ›ï¸ Ropa y complementos Secondhand y Vintage,Granada,www.elarcondegrachi.com,https://instagram.com/elarcondegrachi_modas
El armario de MarÃ­a,ğŸ‘—ğŸ‘œğŸ‘š Ropa de mujer y complementos,Maracena,https://www.facebook.com/El-armario-de-Mar%C3%ADa-108178244049355/,https://www.instagram.com/elarmariodemaria_maracena/
El Astillero de Granada,"Papeleria, Bellas Artes, Manualidades",Granada,https://www.instagram.com/ElAstillerodeGranada/,https://www.instagram.com/ElAstillerodeGranada/
El Asturiano,"ğŸ§€ğŸ· Quesos, vinos, embutidos",Granada,https://elasturianogranada.com/,
El bazar de Iglesias,â™Ÿï¸ Juegos de mesa,Granada,https://elbazardeiglesias.com/,https://twitter.com/bazar_iglesias
El cajÃ³n de tus secretos,"JugueterÃ­a para adultos, lencerÃ­a, complementos , ",Granada,https://www.elcajondetussecretos.com/,
El cortijo de las abejas ,"ğŸ¯ğŸ Miel de abeja, productos apÃ­colas, regalos miel",HuÃ©tor Vega,https://elcortijodelasabejas.es/,
El hombre invierno ilustraciÃ³n ,Ilustraciones,Granada,https://www.etsy.com/es/shop/ElhombreinviernoES,https://www.instagram.com/elhombreinvierno/
El Panadero Loco,"AlimentaciÃ³n ecolÃ³gica, herbodietÃ©tica, cosmÃ©tica bio",Granada,https://www.elpanaderoloco.com/,https://www.facebook.com/Ecotienda-El-Panadero-Loco-267035316787840/
El Planeta del BebÃ©,"ğŸ‘¶ğŸ¤± ArtÃ­culos para bebÃ©s, mamÃ¡s y papÃ¡s ",Granada,https://www.elplanetadelbebe.com,https://instagram.com/elplanetadelbebe
El Rayo zapaterias,Zapatos y bolsos,Granada,www.elrayo.es,https://www.instagram.com/elrayozapaterias/
El Secreto del Tarot ,Productos esotericos y regalos ,Atarfe ,https://elsecretodeltarot.com/,https://www.facebook.com/secretodeltarot/
El Tiempo Perdido,"ğŸ“š Es una librerÃ­a, pero tambiÃ©n venden tazas, postales...",Granada,http://www.libreriaeltiempoperdido.com/,https://twitter.com/_TiempoPerdido
El Tragaluz,ğŸ Regalos personalizados,Granada,www.eltragaluz.es,
ElÃ©ctrica Villada,"PequeÃ±o electrodomÃ©stico, bombillas, material elÃ©ctrico",Granada,https://www.facebook.com/electricavillada,https://www.facebook.com/electricavillada
ElectrodomÃ©sticos Centro,ElectrodomÃ©sticos,Granada,https://www.electrodomesticoscentro.com/,https://www.instagram.com/electrodomesticos_centro/
ElectrodomÃ©sticos Granatec,ElectrodomÃ©sticos con Tara estÃ©tica 50%,Granada,https://tecnicosgranada.es/,https://www.instagram.com/granatec_servicio_tecnico/
ElectrodomÃ©sticos Suarez,ElectrodomÃ©sticos,Granada,www.electrodomesticossuarez.com,
Empetel ,"Accesorios para telÃ©fonos. Cargadores, cables, etc",Granada ,Www.empetel.net,
Encayarns,ğŸ§¶ Lanas tintadas a mano,Granada,https://www.encayarns.com/,https://www.instagram.com/encayarns/
Entre Alergias,AlimentaciÃ³n especializada,La Zubia,http://entrealergias.com/,https://www.instagram.com/entrealergias/
Esmeralda Ortega ,Ropa y complementos ,Albolote ,https://www.facebook.com/Esmeralda-Ortega-963635470363743/,https://www.facebook.com/Esmeralda-Ortega-963635470363743/
Espacio Aguacate,ğŸ‘— ğŸ‘• Moda y Arte hecho en EspaÃ±a,Granada,https://www.espacioaguacate.com/,https://www.instagram.com/espacioaguacate/
Espacio Natura Herbolario,"Plantas, Fitoterapia, AlimentaciÃ³n EcolÃ³gica, CosmÃ©ticos Bio...",Albolote,http://www.espacionaturaherbolario.com/,https://instagram.com/espacionatura_herbolario
EsparterÃ­a San JosÃ©,DecoraciÃ³n artesanal de esparto y mimbre,Granada,https://www.instagram.com/esparteria_sanjose/,https://www.instagram.com/esparteria_sanjose/
Especias Barranco,"â˜•ğŸ¯ğŸŒ¿ Especias, tÃ©, condimientos y miel",Granada,https://www.especiasbarranco.com/,https://www.instagram.com/especiasbarranco/
Estetica M.Carmen Melguizo ,Productos para tratar cualquier problema de la piel y de linea de color ,Peligros ,Www.maricarmenmelguizo.es ,https://instagram.com/esteticamaricarmenmelguizo 
Estrella de las Nieves ,CosmÃ©tica ecologica. Estetica y peluqueria natural,Granada ,www.estrelladelasnieves.es ,https://instagram.com/estrelladelasnieves_ecobelleza
EumÃ³vil,"TelefonÃ­a movil, accesorios, multioperador, recargas, pequeÃ±o electrodomÃ©stico",CÃºllar Vega,https://www.facebook.com/Eum%C3%B3vil-301391010523999/,https://www.facebook.com/Eum%C3%B3vil-301391010523999/
FactorÃ­a de FantasÃ­a,Sacos tÃ©rmicos ecolÃ³gicos,Granada,https://www.factoriadefantasia.com/,https://www.instagram.com/abilustradora/
Factory Electrodomesticos,ElectrodomÃ©sticos,Granada,https://stocksfuera.es/,
Farmacia La Caleta de SalobreÃ±a,"CosmÃ©tica, productos sanitarios y autocuidado.",SalobreÃ±a,https://www.farmacialacaletafmas.com/,https://instagram.com/farmacia_lacaleta
FerreterÃ­a Gran CapitÃ¡n,"Herramientas, maquinaria, bricolaje, electricidad, fontanerÃ­a, menaje, pinturas, jardÃ­n, cerrajerÃ­a, reparaciones en general.",Granada,www.cadena88.com/grancapitan,
FerreterÃ­a JC,FerreterÃ­a,Belicena,http://www.ferreteriajc.com/,
FerreterÃ­a Rodriguez,"Puertas metÃ¡licas, motores para puertas,mosquiteras...",Granada,https://www.ferreteriarodriguez.net/,
FerreterÃ­a Santa Clara,"FontanerÃ­a, cerrajerÃ­a y ferreterÃ­a en general",granada,http://www.ferreteriasantaclara.es/,
FerreterÃ­a Santa Clotilde,"ğŸ”‘ Cerraduras, Cajas fuertes ",Granada,https://santaclotilde.es/,
Flake Skate Shop,"ğŸ›¹ Ropa, calzado y material de skate",Granada,https://flakeskateshop.com/,https://www.instagram.com/flakeskateshop/
Floristas Bonsai,"ğŸŒ±ğŸŒ¹Flores y plantas, sustratos, abonos, elementos de decoraciÃ³n",Granada,https://floristasbonsai.com/,https://www.instagram.com/floristasbonsai/
Floristeria Caladium,Flores & Plantaa,Granada,www.floristeriacaladium.es,https://www.instagram.com/caladium_floristeria_granada/
FloristerÃ­a El Vergel,Floristeria a domicilio todos los dias y eventos,La Zubia ,https://floristeriaelvergel.com/,https://instagram.com/floristeria_online_el_vergel
FloristerÃ­a Nerine,ğŸŒ¼ğŸŒ· Flores y plantas ,Granada ,https://floristerianerine.com/,https://www.instagram.com/nerineflor/
Floristeria Paquita,"ğŸŒ¼ğŸŒ· Flores , plantas y cualquier arreglo floral",Granada,https://floristeriapaquita.com/,https://instagram.com/floristeria_paquita
Floristeria Rafael,ğŸŒ¼ğŸ’ğŸŒº Flores y plantas. Decoraciones florales. ,Granada,www.floristeriarafael.es,https://instagram.com/rafaelfloristeriagranada
FloristerÃ­a Raysa,ğŸ’ğŸŒ± Flores y plantas ,Granada,https://www.instagram.com/floristeriaraysa/,https://www.instagram.com/floristeriaraysa/
FloristerÃ­as La Mimosa,ğŸ’ğŸŒºğŸŒ¹ Ramos de flores naturales y plantas naturales y artificiales ,Granada,https://floristeriaslamimosa.com/,https://www.facebook.com/Floristerias-La-Mimosa-167826799929019/
Fondo de Armario Churriana ,Moda mujer ,Churriana De la Vega ,www.tiendafondodearmario.es,https://instagram.com/fondodearmariochurriana
Fotodalia,ğŸ–¼ï¸ ImpresiÃ³n de fotos y productos personalizados,Peligros,https://fotodalia.com/,
Freakmedia,"Componentes informÃ¡ticos, mÃ³viles, accesorios",Granada,https://freakmedia.es/,
Freakmondo,â™Ÿï¸ Juegos de mesa,Granada,https://www.freakmondo.com/tienda/,https://twitter.com/freakmondo
Frutas y Verdulas las 2M,Fruta y verdura y algunos alimentos bÃ¡sicos ,Maracena ,https://www.facebook.com/Frutas-y-Verduras-las-2M-115537889839823,https://www.facebook.com/Frutas-y-Verduras-las-2M-115537889839823
"Frutas, verduras y viceversa","Frutas, verduras, alimentaciÃ³n",Granada,https://frutas-verduras-y-viceversa.business.site/,
Frutasdelpino,ğŸ¥ğŸ¥• Frutas y verduras ,Granada ,http://www.frutasdelpino.com/,https://www.instagram.com/frutasdelpino/
FruterÃ­a De la Huerta,Frutas y verduras,Peligros,https://www.facebook.com/FruteriaDelaHuertaa,https://www.instagram.com/Fruitdelahuerta/
FruterÃ­a Granada,"Frutas, verduras y otros productos de alimentaciÃ³n",Granada,https://fruteriagranada.com/,
Fruteria HnasMorales,Frustas y verduras ,Granada,https://www.facebook.com/hnasmorales.fruteria,https://www.facebook.com/hnasmorales.fruteria
Frutos Secos El Elefante Rosa,Frutos secos,Guadix,https://www.tiendadefrutossecos.es/,https://instagram.com/hyfelelefanterosa
Funtastyc,ğŸ­ Chuches de todo tipo,Albolote ,https://www.funtastyc.es,
Futbol Center,Especialista en futbol y artÃ­culos de regalo,Granada ,https://futbolcenter.com.es/,https://www.instagram.com/Futbolcentergranada/
Gaialab,CosmÃ©tica,Gualchos,https://gaialab.bio,https://instagram.com/gaialab.bio
Galeria Ginkgo,"Ilustraciones, lÃ¡minas, acuarelas, cerÃ¡mica...",Granada,https://galeriaginkgo.com,https://www.instagram.com/ginkgogranada/?hl=es
Galletanas granada,ğŸª Galletas y cafe,Granada,Www.galletanasgranada.com,https://www.instagram.com/galletanas_granada/
Geoda Minerales 1981,Minerales y JoyerÃ­a en Plata y piedras semipreciosas,Granada,https://www.facebook.com/geodaminerales1981/,https://www.instagram.com/geodaminerales1981/
GonzÃ¡lez Novios y SastrerÃ­a ,"Prendas sport, de vestir y especialistas en ceremonia",Granada,https://sastreriagonzalez.es/,https://instagram.com/sastreriagonzalezgranada
Gran Via Discos,"ğŸ§ğŸ’¿ Cds, vinilos, dvds,camisetas, bolsas de tela",Granada,http://www.granviadiscos.com/,https://twitter.com/DiscosGranVia/
Granada de dulce ,PastelerÃ­a ,Monachil ,https://www.facebook.com/GranadaDeDulce/,https://www.instagram.com/granadadedulce/
Granada Herps,"ğŸ ğŸ¦ Acuariofilia (acuarios, peces, alimentaciÃ³n, filtros...) y terrariofilia (terrarios, serpientes, tortugas, camaleones, alimento vivo...)",Churriana de la Vega,https://shop.granadaherps.com,https://instagram.com/granadaherps
Granada hifi ,"ğŸ˜·ğŸ”Š Mascarillas, geles, control temperatura reconocimiento facial, altavoces ",Chauchina ,https://www.granadahifi.com/,
GranadaDeModa,"ğŸ‘šğŸ‘—ğŸ‘  Ropa fenemina, tallas Ãºnicas y moda curvy",Granada,granadademoda.com,https://instagram.com/granadademoda
granadaesquia.es,"ropa ,zapatillas skis snow y todo lo relacionado con la nieve",Granada,https://granadaesquia.es/,https://instagram.com/granadaesquia
Granja Maravillas,ğŸ¥›ğŸ§€ Productos lÃ¡cteos,Granada,http://granjamaravillas.com/tienda/,https://www.instagram.com/quesos_granja_maravillas/
GuarnicionerÃ­a Raya,"ğŸ´ Todo para la equitaciÃ³n, para el jinete y el caballo. Complementos de piel.",AlhendÃ­n,https://guarnicioneriaraya.com/,https://www.facebook.com/Guarnicioneria-Raya-1536884473234978/
GutiÃ©rrez Joyeros,"Alta joyerÃ­a, anillos de compromiso, joyas personalizadas",Granada,www.gutierrez-joyeros.es,https://instagram.com/gutierrezjoyeros1931
Hazlo Tu ,"Abalorios, manualidades , bisuterÃ­a, tocados",Granada,https://www.facebook.com/hazlotu.granadajaen,https://www.facebook.com/hazlotu.granadajaen
Helen Curvy's,"Ropa, calzado, complementos mujer. Tallas grandes",CÃºllar Vega,https://helencurvys.es/,https://www.instagram.com/helencurvys/
Herbolario Siluete,"Fitoterapia, alimentaciÃ³n bio y eco y fitocosmetica",Granada,http://herbolariogranada.es/,https://instagram.com/herbolariosiluete
Herbolarios Dimam,"ğŸŒ± Plantas, alimentaciÃ³n ecolÃ³gica",Granada,https://www.herbolariosdimam.es/,https://www.instagram.com/Herbolariosdimam/
Herbolarios Granadiet,"Complementos alimenticios, alimentaciÃ³n,cosmÃ©tica natural,granel ecolÃ³gico,, EsotÃ©rico,inciensos,hogar,regalo,plantas medicinales,,Minerales,Erotico,Macrobiotica",OgÃ­jares ,https://granadiet.com,https://instagram.com/herbolario_granadiet
Herboneveros herbolario y tienda de productos ecolÃ³gicos,"Fitoterapia, complementos nutricionales, productos ecolÃ³gicos",Granada,www.herboneveros.com,
HH ALIVE Granada,Ropa y Complementos marca Helly Hansen ,Granada,https://www.facebook.com/HHALIVEGranada,https://www.instagram.com/hellyhansen_granada/
HobbyÂ´s ,ğŸ§©â™Ÿï¸ Juguetes tÃ©cnicos especializados ,Granada ,hobbysgranada.mitiendaair.es,https://instagram.com/hobbys.granada
Hommens,Moda y complementos para hombre ,Granada ,Hommens.com,https://www.instagram.com/hommens.moda/
Huerta Tropical,ğŸ¥‘ğŸ¥ğŸ…Frutas Tropicales y Verduras,Motril,https://huertatropical.com/,https://www.instagram.com/huertatropical/
I Need Tea&Coffee,â˜•ğŸŒ¿ Venta de tÃ© y cafÃ© a granel,Granada,www.ineedtea.es,https://instagram.com/Ineedtegranada
IbÃ©ricos Valenzuela,ğŸ– Jamones y Embutidos,Maracena,https://ibericosvalenzuela.com/,https://www.instagram.com/ibericos_valenzuela/
IluminaciÃ³n LED EnrÃ­quez,"ğŸ’¡ğŸ”Œ Iluminacion, material electrico",Granada ,www.iluminacionenriquez.com ,
Industrias CÃ¡rnicas Sierra Nevada S.L.,"Jamones, embutidos, carne de cerdo y ternera",CÃ¡jar,carnicassierranevada.com,
Infohobby,Maquetas y radiocontrol,Albolote,Infohobbyrc.es,
Inmaculada Martin - Hogar,"ğŸRegalos, DecoraciÃ³n, Menaje de CocinağŸ›",Granada,https://inmaculadamartinhogar.es/,https://instagram.com/inmaculadamartinhogar
Instrumentos de cuerda SUSANA BELLIDO ,"ğŸ»ğŸ¼ Instrumentos musicales, libros y partituras",Granada ,https://www.facebook.com/Susana-Bellido-instrumentos-de-cuerda-512571918821580/,https://www.facebook.com/Susana-Bellido-instrumentos-de-cuerda-512571918821580/
Iuvene Shop,Joyas de Plata,AlhendÃ­n,https://iuveneshop.com,https://www.instagram.com/iuvene.shop/
Jam Instrumentos Musicales,ğŸ»ğŸ¥ğŸ¹ğŸº Instrumentos musicales,Granada,https://www.musicaljam.es/,
Jamones Escalona,Jamones bajos en sal,Valderrubio,www.jamonesescalona.com,https://www.instagram.com/jamones_escalona/
Jamones NicolÃ¡s,"ğŸ– Jamones, embutidos y carnes ibÃ©ricas",GÃ³jar,https://www.jamonesnicolas.com/,
JardÃ­n de Teca,Muebles y decoraciÃ³n,HuÃ©tor Vega,https://www.eljardindeteca.com/,https://instagram.com/jardin_de_teca
Joyeria Baena,Joyeria y Relojeria,Granada,www.joyeriabaena.com,https://instagram.com/joyeriabaena
JoyerÃ­a Benssig ,"Joyas Ãºnicas en oro, platino, dÃ­amantes, esmeraldas, zafiros, rubis, etc. ",Granada ,http://www.benssig.com/,https://www.instagram.com/joyeria.benssig
Joyeria Gerardo,ğŸ’âŒš Joyeria y relojerÃ­a ,Granada ,https://joyeriagerardogranada.es/,
JoyerÃ­a GutiÃ©rrez Joyeros,"ğŸ’ğŸ’ Joyas de diseÃ±o, alta joyerÃ­a, anillos de compromiso",Granada,www.gutierrez-joyeros.es,https://instagram.com/gutierrezjoyeros1931
JoyerÃ­a Juan Manuel,ğŸ’ğŸ’âŒšï¸ JoyerÃ­a y relojeria,Granada,https://www.joyeriajuanmanuel.com/,https://www.instagram.com/joyeriajuanmanuel/
Joyeria Peso,"Joyas de todo tipo, relojes y accesorios. ","Granada, Armilla",https://www.joyeriapeso.com/,https://instagram.com/Joyeria_peso
JoyerÃ­a Salamanca,"ğŸ’ğŸ’âŒšï¸ ArtÃ­culos de joyerÃ­a, relojerÃ­a  y taller.",Granada,https://www.facebook.com/Taller-de-Joyer%C3%ADa-Salamanca-101344331602044/,https://www.facebook.com/Taller-de-Joyer%C3%ADa-Salamanca-101344331602044/
Joyeria San Eloy,"ğŸ’ğŸ’âŒšï¸ğŸ JoyerÃ­a, RelojerÃ­a y complementos",Granada,https://www.joyeriasaneloy.com/,https://www.instagram.com/joyeriasaneloy/
Joyeria-Platerias Miguel Ãngel ,"Pendientes plata, colgantes, pulseras, relojes",Granada ,https://plata925.com/,https://www.instagram.com/plateriasmiguelangel/
JoyerÃ­as SÃ¡nchez ,ğŸ’ ğŸ’ âŒšï¸,"Granada, Motril",https://www.joyeriasanchez.com/,https://twitter.com/joyeriasanchez
Julipata,"ğŸ“šğŸ’ğŸ§¸ JugueterÃ­a, librerÃ­a y papelerÃ­a",Granada,www.julipata.com,https://instagram.com/Julipatamasquejuguetes
Kaiju Wear,"Ropa, alimentaciÃ³n y complementos relacionados con el manga, animaciÃ³n y cultura oriental",Granada,https://www.kaijuwear.com,http://www.instagram.com/kaijuwear
KALA complements,ğŸ’ JoyerÃ­a ,Armilla,https://www.instagram.com/Kala.complements/,https://www.instagram.com/Kala.complements/
KingChurro,"â˜• Chocolate, Churros y comida casera. Kits de churros a domicilio",OgÃ­jares ,https://kingchurro.es/,https://twitter.com/tukingchurro
Koko Maracena,"Ropa de mujer, hombre e infantil. Complementos (bolsos, cinturones, carteras, zapatos). Plata de ley 925",Maracena,https://www.facebook.com/kokoMaracena/,https://www.instagram.com/koko_maracena/
La Alborea ,Regalos/ souvenirs ,Granada ,https://alboreasouvenirs.com/,https://instagram.com/Tiendalaalborea
La Bolina,"ğŸ¥¬ğŸ¥”ğŸ¥«ğŸ…Fruta y verdura, conservas, cafÃ©. AlimentaciÃ³n consciente. ","Valle de LecrÃ­n, Granada",https://www.labolina.org/,https://www.instagram.com/labolina_rpg/
La Bolsa,Ropa y complementos seleccionados de segunda mano,Granada,https://labolsagranada.business.site/,https://www.facebook.com/labolsagranada/
La Botica Real Parafarmacia,Productos de Parafarmacia,Granada,https://www.laboticareal.com/,https://www.instagram.com/laboticareal/
La Botica Real Parafarmacia,Productos de Parafarmacia,Granada,www.laboticareal.com ,https://instagram.com/laboticareal
La boutique de LulÃº,Ropa y complementos de mujer ğŸ‘—ğŸ‘›ğŸ§¥,Atarfe,https://m.facebook.com/profile.php?id=1080632815372880&ref=content_filter,https://www.instagram.com/laboutiquedeluluatarfe/
La Buhardilla de Ro,"Material de manualidades scrapbooking, lazos, encajes, Ã¡lbumes personalizados, Junk Journal, pintura acrÃ­lica, troqueladoras... ",Granada,https://www.instagram.com/labuhardilladero/,https://instagram.com/labuhardilladero
La cajilla de GranÃ¡,ğŸ…ğŸ¥ğŸ¥‘ Fruta y verdura fresca de cercania,Granada,https://www.facebook.com/lacajilladegrana/,https://instagram.com/lacajilladegrana
La casa della Pasta,"ğŸ•ğŸ§€ğŸPasta fresca, platos cocinados y productos italianos",Granada ,https://casapastagranada.com,https://instagram.com/lacasadellapasta
La Casita de CocÃ³,"ğŸ›ğŸğŸ’…ğŸ¼ğŸ› Perfumes, ambientaciÃ³n, bombas de baÃ±o, jabones, cosmÃ©tica natural y regalos originales ",Granada,https://www.lacasitadecoco.com/,https://www.instagram.com/lacasitadecoco/
La Cata Con Botas,ğŸ·ğŸ˜¼ Venta de vinos,Granada,lacataconbotas.com,https://instagram.com/la_cata_con_botas
La Cesteria,"DecoraciÃ³n ğŸ–¼ï¸,  mueblesğŸšª, artÃ­culos de regalo... ğŸ ",Granada ,https://facebook.com/lacesteria/,https://instagram.com/lacesteriagranada
La Condesa,"Ropa infantil, bebÃ©s, niÃ±os",Granada,https://lacondesamodas.es/,https://www.instagram.com/la_condesa_modas/
La Despensa de Sandra,ğŸ¾ ğŸ§€ Productos gourmet y delicatessen,Granada,https://www.facebook.com/ladespensadesandra/,https://instagram.com/ladespensadesandra
La FÃ¡brica de CreaciÃ³n,ğŸ‘¶ ğŸ¤± Canastillas para bebÃ©s. Coronas y banderolas de cumpleaÃ±os. DecoraciÃ³n. Juguetes. Vuelta al cole,El Valle,https://lafabricadecreacion.com/,https://www.instagram.com/lafabricadecreacion/
La Familia Mujer,ğŸ‘— Ropa de mujer y complementos,Granada,https://lafamiliamujer.es,https://www.instagram.com/lafamiliamujer/
La Familia NiÃ±os,Ropa infantil,Granada,https://lafamiliaonline.es/,https://www.instagram.com/Lafamilianinos/
La Finca Coffee Roasters,â˜• CafÃ© arÃ¡bica de tueste propio,Granada,https://lafincaroaster.com/,https://www.instagram.com/la_finca_coffee/
La GÃ³mez,"ğŸ ArtesanÃ­a textil. Bolsos, gorros, baberos, joyerÃ­a textil...",Monachil,www.lagomez.es,https://instagram.com/irene_lagomez
La HabitaciÃ³n Saludable,"ğŸ…ğŸ†ğŸ¥’ Centros de NutriciÃ³n (PÃ©rdida de peso, PsicoNutriciÃ³n, NutriciÃ³n Embarazo, NutriciÃ³n Deportivaâ€¦)",Granada,http://www.lahabitacionsaludable.com/,https://www.instagram.com/lahabitacionsaludable/
La Huerta de GuÃ­,"Fruta y Verdura ecolÃ³gica, huevos, frutos secos,etc",Churriana de la Vega,https://www.lahuertadegui.com/,https://instagram.com/lahuertadegui?igshid=tsz4uvr2n2e9
La La Land Bakery,ReposterÃ­a americana,Granada,https://www.facebook.com/La-La-Land-Bakery-115547739857752/,https://www.instagram.com/lalaland_bakery_/
La Loza Dorada,CerÃ¡mica decorativa,Jun,Www.thegoldenpottery.com,https://instagram.com/goldenpotterymrj
La Madriguera,âœ’ï¸ IlustraciÃ³n y manualidades,Granada,https://lamadriguerashop.com/es/,https://twitter.com/MadrigueraShop
La PequeÃ±a CompaÃ±Ã­a ,"AnimaciÃ³n infantil, Cestas Sorpresa, CumpleaÃ±os, Aniversario, DecoraciÃ³n CelebraciÃ³nes, Super Nany (cuidado de niÃ±os hasta 12 aÃ±os), Venta de juguetes y artÃ­culos de fiesta. ",Churriana de la Vega ,https://www.facebook.com/JugandoconIsis/,https://www.facebook.com/JugandoconIsis/
La Retalera,âœ‚ï¸ğŸ§· Telas y accesorios de patchwork y costura,Granada ,https://www.laretalera.es/,https://www.instagram.com/laretalera/
La Runa hidromiel ,Hidromiel,LanjarÃ³n ,http://www.larunahidromiel.com/,http://www.instagram.com/larunahidromiel/
La Tarta de la madre de Cris,ğŸ° Tartas de queso,Granada,https://www.latartadelamadredecris.com/online-ordering,https://www.instagram.com/latartadelamadredecris/
La tendenza di Alicia,ğŸ‘—ğŸ‘œ Moda y complementos,Granada,https://latendenzadialicia.es/,https://www.instagram.com/la_tendenza_di_alicia/
La Teta Coqueta,"ğŸ‘¶ ArtesanÃ­a para mamÃ¡s y bebÃ©s. Chupeteros, collares de lactancia, complementos de canastilla hechos a mano en Granada",Atarfe,https://www.facebook.com/latetacoqueta/,https://instagram.com/La_teta_coqueta
La Teta Coqueta,"ArtesanÃ­a para mamÃ¡s y bebÃ©s. Chupeteros, collares de lactancia, complementos de canastilla hechos a mano en Granada",Atarfe,https://www.facebook.com/latetacoqueta/,https://instagram.com/La_teta_coqueta
Lamparis,IluminaciÃ³n y material elÃ©ctrico ,Granada,https://lamparis.com/,https://www.instagram.com/lamparis_com/
Las cosas de la tita,Detalles para eventos y regalos personalizados,Granada,https://www.facebook.com/Lascosasdelatita,https://www.instagram.com/lascosasdelatita/
Las RRR,ğŸ§€ QueserÃ­a artesanal,Maracena,https://queserialasrrr.com/,
Lasala de los niÃ±os,ğŸ‘¶ğŸ‘¦ğŸ‘§ Ropa de bebÃ© y niÃ±os,Granada,https://www.facebook.com/lasaladelosninos/,https://instagram.com/Lasaladelosninos 
Lemon Tree,"Ropa de mujer, mascarillas de tela",Granada,https://lemontreegranada.com/,https://www.instagram.com/lemontree_granada/
LencerÃ­a Carmen y Majo,"Ropa interior, niÃ±o, mujer y hombre",Granada,https://lenceriacarmenymajo.com/,https://www.instagram.com/lenceria_cym_granada/
LencerÃ­a Montijo,"Ropa interior, pijamas, medias y mucho mas.",Granada,https://lenceriamontijo.com/,https://www.instagram.com/montijolenceria/
Leonidas,ğŸ«â˜• Bombones y chocolate,Granada,www.leonidas-chocosabores.com,https://instagram.com/Leonidas.granada
Libreria - PapelerÃ­a: RÃ­o Ebro,"ğŸ“š Libros, material escolar,  Manga, juguetes ",Motril,www.libreriarioebro.es,https://instagram.com/libreriapapeleriarioebro
LibrerÃ­a Atlas ,"Compra-venta de libros antiguos y modernos, raros curiosos y agotados",Granada ,https://www.uniliber.com/librerias/libreria-atlas_90/,https://www.facebook.com/Librer%C3%ADa-Atlas-Granada-1363154587070703/
LibrerÃ­a Babel,ğŸ“šğŸ’ Libros y papelerÃ­a,Granada,https://www.babellibros.com/,
LibrerÃ­a Boops,ğŸ“š Literatura infantil y juvenil especializada en inglÃ©s,Granada,https://www.boops.es/,https://www.instagram.com/boopsbooks/
Libreria Cala,ğŸ“šğŸ’ Libros. material de papeleria/ escolar . regalos. juguetes ,Maracena ,https://www.libreriacala.es/,https://www.instagram.com/libreriacala/
LibrerÃ­a escuela popular,ğŸ“šğŸ’ Libros y material escolar,Granada,https://www.libreriaescuelapopular.com/,
LibrerÃ­a Faisan,ğŸ“šğŸ’ LibrerÃ­a y papelerÃ­a ,Granada,www.libreriafaisan.com,https://www.facebook.com/libreriafaisan/
LibrerÃ­a Flash,"ğŸ“š Libros, cÃ³mic, juegos de mesa, merchandaising...",Granada,https://www.libreriaflash.es/,https://www.instagram.com/flashlibreria/
LibrerÃ­a Fleming,ğŸ“šğŸ’âœ‚ï¸ Libros,Granada,Www.libreriafleming.com,
Libreria fotoque,"ğŸ“š Libreria, papeleria, kiosco",Granada,https://www.libreriafotoque.es/,https://www.instagram.com/libreriafotoque/
LibrerÃ­a Imagina,"ğŸ“šğŸ§© Narrativa, literatura infantil y juvenil, juegos educativos, puzzles y especializada en educaciÃ³n, psicologÃ­a y test",Granada ,Www.libreriaimagina.com,https://instagram.com/Libreria_imagina
LibrerÃ­a Inusual,ğŸ“š Libros,Granada,https://www.libreriainusual.com/,https://www.instagram.com/libreriainusual/
Libreria Nube de Papel,"ğŸ“šğŸ’ Libros, comics, juguetes, papeleria",Las Gabias,www.librerianubedepapel.com,https://instagram.com/librerianubedepapel
LibrerÃ­a Ofipeligros,"Libros, papelerÃ­a, regalo",Peligros,https://instagram.com/ofipeligros,https://instagram.com/ofipeligros
LibrerÃ­a Palabras,ğŸ“šğŸ’ Libros y artÃ­culos de papeleria y juguetes.,OgÃ­jares,https://www.libreriapalabras.es,
LibrerÃ­a PapelerÃ­a Buho,"ğŸ“šğŸ’ PapelerÃ­a, prensa, libros y regalos.",Granada,https://www.libreriabuho.es/,https://www.instagram.com/libreriabuho/
LibrerÃ­a PapelerÃ­a ColorÃ­n,"Libros, Material Escolar y otros",GÃ³jar,https://www.facebook.com/Librer%C3%ADa-Papeler%C3%ADa-Color%C3%ADn-1039910909410724,https://www.instagram.com/lpcolorin/
LibrerÃ­a PapelerÃ­a Multilibro,"Libros, texto, papelerÃ­a regalos y juguetes",Albolote,https://www.instagram.com/libreriasmultilibro/,https://instagram.com/libreriasmultilibro
LibrerÃ­a PAPIROS PapelerÃ­a,"Libros, Material Escolar, Material de Oficina, PapelerÃ­a",Granada,www.libreriapapirospapeleria.com,https://instagram.com/libreriapapiros
LibrerÃ­a Picasso,ğŸ“š LibrerÃ­a de nuevo,Granada,https://www.librerias-picasso.com/,https://twitter.com/LibreriaPicasso
LibrerÃ­a Poniente,"ğŸ’ğŸ““ PapelerÃ­a, material de oficina.",Armilla,https://www.libreriaponiente.es/PStores?s=7843&o=inicio_b2c&p=1,https://instagram.com/libreriapapeleria_poniente
LibrerÃ­a Praga,"ğŸ“š LibrerÃ­Â­a de viejo especializada en literatura, filosofÃ­a, historia y arte",Granada,http://www.libreriapraga.com/,https://twitter.com/libreriapraga
LibrerÃ­a Reciclaje,"ğŸ“š Libros, cÃ³mics, vinilos, CDs, DVDs, etc. Segunda mano",Granada,https://reciclajegranada.com/,https://www.instagram.com/libreriareciclaje/
LibrerÃ­a Religiosa Peinado,âœï¸ Libros y artÃ­culos religiosos ,Granada,www.articulosreligiosospeinado.com,https://twitter.com/libreriapeinado/
LibrerÃ­a Rueda,"ğŸ“šğŸ’ Libros, material escolar, bolsos, regalos...",Granada,https://www.libreriarueda.es/,
LibrerÃ­a Stylo,"Libros, papelerÃ­a y regalos",Granada,www.libreriastylo.com,https://www.facebook.com/libreriastylo/
Lila CosmÃ©tica HolÃ­stica,CosmÃ©tica natural,Monachil,www.lilanatura.com,https://www.instagram.com/lila.cosmetica.holistica/
Loalba Joyeros,"ArtÃ­culos de joyerÃ­a, relojerÃ­a, regalo y servicio personalizado de reparaciÃ³n y actualizaciÃ³n de joyas",Granada,www.loalba.com,https://instagram.com/loalbajoyeros 
Locos x el Gourmet ,ğŸ§€ğŸ—ğŸºğŸ¯ Productos Argentinos y artesanales ,Granada ,https://www.facebook.com/locosxelgourmet/,https://instagram.com/locosxelgourmet
Lola & punto,ğŸ§¶ Lanas,Granada,https://lolaypunto.com/,https://www.instagram.com/lolaandpunto/
Los juguetes de Elvira,Juguetes de madera artesanales,GÃ³jar,www.losjuguetesdeelvira.es,https://www.facebook.com/losjuguetesdelvira/
LucÃ­a Mineral,CerÃ¡mica,Granada,www.luciamineral.com,https://www.instagram.com/luciamineral
Luciana Campodonico (Mary Kay),CosmÃ©ticos,Granada,https://www.marykay.es/lucianacampodonico,https://www.instagram.com/lucamp/
Lunetta Spain,ğŸ‘œğŸ“¿ ArtÃ­culos de piel y bisuteria handmade,Granada,https://www.lunettaspain.com/,https://www.instagram.com/lunettaspain/
Luroc Moda,ğŸ‘—ğŸ‘–ğŸ§¤ğŸ‘œğŸŒ‚ Moda de mujer y complementos ,Granada,https://www.instagram.com/lurocmoda/,https://www.instagram.com/lurocmoda/
Lycka,ğŸ§¸ Infantil y papelerÃ­a,Granada,https://lycka.es/,https://twitter.com/Lyckashop
Lydia Algarra,"Ropa de bebÃ©,seÃ±ora, caballero,hogar y ropa interior",Granada,https://www.facebook.com/lydia.algarra,https://www.instagram.com/lydia_algarra/
Mabe Infantil ,Ropa niÃ±@s desde la talla 0 a la 18 aÃ±os.,CÃºllar Vega,https://www.facebook.com/Mabe-Infantil-882198581944989/,https://www.facebook.com/Mabe-Infantil-882198581944989/
Madre Tierra ,"Moda, Joyeria en Plata y Complementos de Moda",Granada ,www.tiendamadretierra.es,https://www.facebook.com/tiendamadretierra/
Magda Sweet Cakes ,Tartas personalizadas ,Padul,Www.magdasweetcakes.com,https://www.instagram.com/magdasweetcakes/
Magdalena Rosolinska Art,ğŸŒ³ğŸ¥„ ArtÃ­culos tallados a mano en madera de olivo,CÃ¡jar,https://www.etsy.com/shop/RosolinskaARTs,https://www.instagram.com/rosolinska.art/
Mal de Amores Atelier,Ropa y complementos. Tocados y sombreros ,Granada,https://tocados-mal-de-amores.negocio.site/,https://instagram.com/Tocadosmaldeamores
MalafollÃ¡ GranaÃ­na,Merchandising y artesanÃ­a de malafollÃ¡ granaÃ­na y merchandising temÃ¡tica retro,Pulianas,https://www.facebook.com/Malafoll%C3%A1-Granaina-832569206792702,https://instagram.com/MALAFOLLAGRANAINA
Mamachon,"ğŸ§€ğŸ·ğŸº Quesos, vinos y cervezas",Granada,Www.mamachon.com,https://www.facebook.com/saboresdegranada
Mamimundi ,"Ropa interior de embarazo, ropa e interior para bebÃ©s ",Granada ,https://instagram.com/mamimundi ,https://instagram.com/mamimundi 
Mantones.com,"Mantones, mantillas, abanicos, paÃ±uelos, encajes, ropa bebe...",Granada,https://mantones.com/,https://www.instagram.com/mantonescom/
Manuel Moya ArtesanÃ­a,ğŸ¥ Cajones flamencos e instrumentos de percusiÃ³n,Granada,https://www.facebook.com/mmartesaniapercusion/,https://instagram.com/mmartesaniapercusion
Mar Lesser,CosmÃ©tica y belleza,Granada,www.marlesser.com/tienda,https://instagram.com/marlesser
Marbel Store Grx,"Camisetas, sudaderas, gorros, gorras",Granada,https://marbelwear.com/,https://www.instagram.com/marbel_store_grx/
MarÃ­a FrancÃ©s,ğŸ˜· Mascarillas ,Granada ,https://mariafrances.es/tienda/,https://www.instagram.com/mariafrances__/
Marian&me,Bolsos y mochilas hechas a mano personalizados ,CÃ¡jar,https://www.marianme.es/,https://www.instagram.com/marianme_/
Martina moda infantil,ğŸ‘¶ğŸ‘§ğŸ‘± Ropa de niÃ±os de 0 a 14 aÃ±os ,Granada ,www.martinamodainfantil.com,https://instagram.com/Martina_moda_infantil
Martina moda infantil,Ropa de niÃ±@ ,Granada,https://martinamodainfantil.com/,https://www.instagram.com/martina_moda_infantil
Martina moda infantil,Ropa de niÃ±@ ,Granada,https://martinamodainfantil.com/,https://www.instagram.com/martina_moda_infantil/
Mascarilla de Moda,ğŸ˜· Mascarillas de algodÃ³n homologadas ,Granada,www.mascarillademoda.es,https://instagram.com/mascarilla_de_moda
Material Revolution,ğŸ Regalos originales,Granada,https://materialrevolution.es/,https://twitter.com/materialrev
Medievo,â˜•ğŸŒ¿ Tes y especias,Granada,https://medievogranada.com/,
Mercaropa,"ğŸ‘™ğŸ©²ğŸ‘•CorseterÃ­a, interior, bebÃ©","Granada, Albolote",https://www.mercaropa.es/,https://www.facebook.com/MercaRopaAlboloteChana
MercerÃ­a Bee Happy,ğŸ§¶ Lanas y mercerÃ­a,Granada,https://www.facebook.com/profile.php?id=100008185597495,https://instagram.com/beehappygranada
MercerÃ­a El Acerico,Productos artesanales y de merceria,Granada,www.elacericomerceriacreativa.com,https://instagram.com/elacericomerceriacreativa
MercerÃ­a Elitex,"ğŸ‘šğŸ‘™ Merceria, textil hogar, lencerÃ­a, juguetes...",Granada ,https://www.facebook.com/merceria.elitex,https://www.facebook.com/merceria.elitex
Merceria Saez,ğŸ§¶ğŸ§µ ArtÃ­culos de merceria y lanas,Granada,https://www.merceriasaez.es/,https://www.instagram.com/merceriasaez/
MercerÃ­a Tricosur,"ğŸ§µğŸª¡ğŸ§· Goma para mascarillas, hilos, cremalleras, punto de cruz etc",Granada,www.merceriatricosur.es,https://www.facebook.com/merceriatricosur/
"MercerÃ­a, lencerÃ­a y complementos Pili","ğŸ‘šğŸ‘™ Ropa interior, textil hogar, blusas, pantalones...","Granada, Maracena",https://www.facebook.com/Lencer%C3%ADa-mercer%C3%ADa-y-complementos-Pili-102886868105807/,https://www.facebook.com/Lencer%C3%ADa-mercer%C3%ADa-y-complementos-Pili-102886868105807/
Mi granito de avena,"ğŸªğŸš Venta a granel de alimentaciÃ³n ecolÃ³gica, de proximidad y de temporada",Granada,https://migranitodeavena.com/,https://www.instagram.com/migranitodeavena/
Mi hilo rojo,ğŸ‘—ğŸ‘œ Ropa y complementos de mujer ,Granada,https://mihilorojo.com/,https://www.instagram.com/mihilorojogranada/
Mi Piruleta tienda erotica,"ğŸ†ğŸ” Juguetes para adultos, cosmÃ©tica sexual",Granada ,https://mipiruleta.shop/es/,https://instagram.com/mi_piruleta 
Miguel Granados Novias,ğŸ‘° Complementos artesanales,Albolote,https://mgranadosnovias.es/,https://www.instagram.com/miguel_granados_novias/
Mijitilla,MercerÃ­a,Granada,http://www.mijitilla.es/,
Miprint,ğŸ Regalos personalizados,Granada,https://miprint.es/,https://www.facebook.com/SrFloki-1398917020220179/
MissComadres,ğŸ‘š Ropa ecoÃ©tica feminista ğŸ’ª,Granada,www.Misscomadres.com,https://instagram.com/misscomadres
Mobiocasion,Sillas y mobiliario de oficina ,Albolote ,https://mobiocasion.com/,
Moda Tamara,Moda /Hogar/Complementos y Calzado,Peligros,https://www.facebook.com/modatamaragranada/,https://instagram.com/Moda_tamara
Modas EmÃ­lia Huete,Moda mujer y textil hogar  ,Albolote ,https://www.facebook.com/ModasEmiliaHuete/,https://instagram.com/emiliahuete?igshid=15tyt9aroxl3i
Modas Linde,Ropa mujer y hombre,Granada,https://www.facebook.com/lindemodas,https://instagram.com/modaslinde
Modas y Hogar CristÃ³bal GarcÃ­a,"ConfecciÃ³n, cortinas, sÃ¡banas, etc. ",Ãllora ,https://www.facebook.com/modashogar.cristobalgarcia,https://www.facebook.com/modashogar.cristobalgarcia
Moka Creaciones,ğŸ Regalos personalizados,CÃ¡jar,https://mokacreaciones.com/,https://www.instagram.com/mokacreaciones_es/
MÃ³nica flores & eventos,Flores y decoraciÃ³n ,Atarfe,https://instagram.com/monicaflorista,https://instagram.com/monicaflorista
Montijo lenceria ,"Lenceria, corseteria",Granada ,www.lenceriamontijo.com,https://instagram.com/montijolenceria 
Moyatron,ğŸ›´ âš¡ğŸ”§ Accesorios y repuestos para patinetes elÃ©ctricos,Granada,https://moyatron.com/,
Muebles Cuellar,"Muebles auxiliar, mesas, sillas, etc...",Granada,https://www.facebook.com/mueblescuellar.es/,https://www.facebook.com/mueblescuellar.es/
Multitaller,"Manualidades, Puzzles, Bellas Artes, Juguetes y Juegos Educacionales, Juedos de Mesa, Maquetas y mucho mÃ¡s  ",Granada,https://multitaller.odoo.com/,https://www.facebook.com/Multitaller-263353030399995/
Munira Leather,"JoyerÃ­a, marroquinerÃ­a y productos hechos por artesanos locales",Granada,www.munira.net,https://instagram.com/munira_leather
Musgo cerÃ¡mica,ArtÃ­culos de cerÃ¡mica,Granada,https://ignaciocarreraesce.wixsite.com/musgoceramica,https://instagram.com/musgoceramica
Musical Guima,ğŸ»ğŸ¥ğŸ¹ğŸº Instrumentos musicales,Granada ,https://musicalguima.com/,
Musimaster,ğŸ»ğŸ¥ğŸ¹ğŸº Instrumentos musicales,Granada,www.musimaster.com,https://instagram.com/Musimaster1993
Nati Ferrer Joyeros,JoyerÃ­a y relojerÃ­a,Granada,https://natiferrerjoyeros.es/,https://instagram.com/nati.ferrer.joyeros
Natural Nails,ğŸ’… Productos para manicura profesional y particular ,Granada,http://www.naturalnails.es/tiendaonline/,https://instagram.com/naturalnails
Naturhouse Avenida de DÃ­lar,Productos dieteticos y naturales,Granada,https://www.facebook.com/Naturhouse-Avenida-de-D%C3%ADlar-Granada-1626460334341454/,https://instagram.com/natur.avd.dilar
NAVÃO by style,ğŸ‘” Ropa de hombre y complementos marca ONLY & SONS,Granada,https://moicco.com/moicco/n-a-v-i-o-by-style/,https://instagram.com/naviobystyle
New Elite,ğŸ˜ Gafas de sol,Granada,https://neweliteshop.es,https://instagram.com/newelitegr
Nivalis,â›·ï¸ğŸ‚â„ï¸ EsquÃ­ y snowboard,Cenes de la Vega ,www.tiendasnivalis.com,https://instagram.com/nivalis.sierranevada
Oh Oh July Vintage,Ropa de segunda mano Vintage ,Granada ,https://ohohjuly.com/,
Oh! Chapeau Shop,Marca moda mujer,Santa Fe,https://ohchapeau-shop.es/,https://www.instagram.com/ohchapeau.shop/
Optica Abril,ğŸ˜ Gafas sol,Granada,https://opticaabril.com,https://twitter.com/opticaabril
Opticas Manzano,"Gafas de graduado, lentillas, gafas de sol, lÃ­quidos, antivaho",Granada,https://opticasmanzano.es/,https://www.instagram.com/opticasmanzano/
Orontes Bellas Artes,"Material de bellas artes, lienzos, oleos, acrilicos, acuarelas, material de dibujo y restauracion. Telas, soportes, caballetes, papeles, pigmentos, drogueria.",Granada,https://orontesbellasartes.es/home,https://www.instagram.com/orontesart/
Oteiza Coffee Inc.,CafÃ© de extrema calidad. Tostadero propio,Granada,https://www.oteizacoffee.com/,
Outlet Mallorca ,ğŸ‘ Zapatos y complementos,Granada,Www.outletmallorca.net,https://instagram.com/alba.ferrer.zapatos
Ovni Bazar Bizarro,"ğŸ›¸ğŸ‘½ LibrerÃ­a, fancines, material de arte (lÃ¡minas...)",Granada,https://ovnibazarbizarro.com/,https://instagram.com/ovnibazar
Paloa,Moda sostenible ,Granada,https://www.luciarico.com,https://www.instagram.com/luciarica/
Pan&co,"Pan, reposteria, pasta artesana, fruta, verdura, cafe, alimentaciÃ³n",granada,http://www.panandco.es/,https://instagram.com/panandco.granada
PanaderÃ­a Artesanos de Granada,Pan pasteles bolleria tostadas y cafe,"Granada, Motril",https://instagram.com/cafeteriaartesanosdegranada,https://www.instagram.com/cafeteriaartesanosdegranada/
Panaderia Mercado San Agustin,"Pan, dulces tÃ­picos, bolleria, galletas, tartas, miel, mermeladas",Granada ,www.dulcestipicosgranada.es ,https://instagram.com/panaderiamsa 
Panda kids,"Moda infantil, de 0-14 aÃ±os ",Churriana de la Vega,https://www.facebook.com/PandakidsChurrianadelaVega/,https://www.instagram.com/pandakidsmayoral/
Papeleo,"ğŸ“šğŸ’ PapelerÃ­a, fotocopias, material escolar",Granada,https://www.papeleocb.es,
PapelerÃ­a Besur,"Material papelerÃ­a, oficina, informÃ¡tica",Granada,http://www.papeleriabesur.com/,
PapelerÃ­a besur,Material de papelerÃ­a ,Granada ,www.papeleriabesur.com,
PapelerÃ­a La Paz,"ğŸ“šğŸ’ PapelerÃ­a, librerÃ­a, bellas artes, fotocopias, personalizaciÃ³n de regalos...",Granada,https://www.papelerialapaz.com/es/,https://www.instagram.com/papelerialapaz/
Parafarma24,Parafarmacia.,Albolote,www.parafarma24.com,
Parafarmacia CÃ¡rdenas,ğŸŒ¿ğŸ’Š Productos de parafarmacia y herbolario,Granada,www.parafarmaciacardenas.com,
Parapanda Shopping (Centro Comercial On Line del Municipio de Ãllora),"AlimentaciÃ³n, Belleza, Moda, Bricolaje, Deportes, Hogar, ElectrodomÃ©sticos, JoyerÃ­a, Servicios...mÃ¡s de 30 tiendas del municipio en un marketplace.",Ãllora,https://www.parapandashopping.es,
Pasteleria San JosÃ©,"ğŸ‚ğŸ§ğŸ¥– Tartas, bolleria, pastelerÃ­a, panaderÃ­a ",Granada,https://pasteleriasanjosegranada.com/,https://www.facebook.com/pasteleria.sanjose.7
Pataplaf,ğŸğŸ›ï¸ Regalos,Granada,www.pataplaf.com,https://instagram.com/regalospataplaf
Patchwork Teresa Sako,Telas y material para patchwork ,Granada,http://www.teresasako.com/,https://www.instagram.com/TeresaSako/
Patricia villanueva,"ğŸ‘ ğŸ‘œğŸ“¿ ZapaterÃ­a, bolsos, artÃ­culos de viaje y complementos",Granada ,http://www.patriciavillanueva.es/,
Patxi,ğŸ†ğŸ” ArtÃ­culos erÃ³ticos,Granada,https://www.patxi.es/,
Pedalmoto,ğŸš´ğŸ”§ Biciclestas y taller,Granada ,www.pedalmoto.com,
Pepita Green,ğŸŒ± Sustratos y fertilizantes ,Pulianas ,https://pepitagreen.com/,https://www.instagram.com/pepitagreengrowshop/
Perfumeria San Juan de Dios,"Articulos de perfumeria, higuiene personal y drogueria","Churriana de la Vega, Granada",https://perfumeriasjd.com/,https://www.facebook.com/perfumeriasanjuandedios/
PerfumerÃ­a Sensu,"Perfumes, aromatizaciÃ³n de hogar y cosmÃ©tica ",Peligros,https://3sensu.com/,https://instagram.com/tertiasensu
Piedra Color,Fregaderos y Lavabos artesanales - Piedras naturales y artificiales,Padul ,https://piedracolor.es/,https://www.instagram.com/piedracolor_granada/
Pietra ZacatÃ­n,"â›ï¸ ğŸ’ Minerales,fÃ³siles, conchas y bisuterÃ­a con piedra natural",Granada,https://www.facebook.com/MineralesGeodaZacatin/,https://instagram.com/pietrazacatin 
Pilar DalBat,ğŸ‘°ğŸ‘— Ropa mujer/DiseÃ±adora,Granada,https://www.pilardalbat.com/,
PinSed Pintura en seda,"ğŸ§£ğŸ–Œï¸ Sedas naturales pintadas a mano. Fulares, paÃ±uelos, abanicos, cuadros.... ",Granada,Www.mariajoser.es,https://instagram.com/Pinsed_pinturaenseda
Pintciones,"Regalos, adornos de navidad, arte",Granada,www.pintciones.com,https://instagram.com/pintciones
Plain & Simple,ğŸ¯ğŸ¥’ğŸ¥« Mermeladas y Chutney ,Deifontes,www.plainandsimple.es,https://instagram.com/plainandsimple.es?igshid=qylcl3gn7q6a
PlatÃ³nica,ğŸ’ğŸ–¤JoyerÃ­a de autor. FabricaciÃ³n propia,Granada,https://platonicajoyeria.com/,https://www.instagram.com/platonica_joyeria/
Playfitness,"NutriciÃ³n deportiva, Herbolario deportivo, alimentaciÃ³n saludable, vitaminas, proteinas....",Granada,http://www.playfitness.es,https://www.instagram.com/playfitnessnutrition/
PLIS&PLAS  Moda y Complementos ,Ropa casual y fiesta y complementos,Albolote ,https://www.facebook.com/PlisPlas-Moda-y-Complementos-557742481319265,https://www.instagram.com/plisplasmoda/
Poco waste,"ğŸŒ± Productos higiene, cocina, almacenaje cero residuos/ artesanales",Granada,https://www.pocowaste.com/,https://www.instagram.com/pocowaste/
Porteo Feliz,ğŸ‘¶ BebÃ©s,Granada,https://porteofeliz.com/,https://twitter.com/porteofeliz
Punto y Ganchillo,ğŸ§¶ğŸ§µğŸª¡ Lanas,Granada,www.puntoyganchillo.com,https://instagram.com/punto.ganchillo
Quiero tÃ©,ğŸ«–ğŸŒ¿â˜• TÃ© e infusiones,CÃºllar Vega,https://www.quierote.es/,https://www.instagram.com/quieroteGR/
Rafael Moreno Orfebre,ğŸ’ ArtesanÃ­a en plata,Granada,https://www.talleresdeartemoreno.com/,https://twitter.com/ROrfebre
RamoS CB MÃ¡quinas de coser,"MÃ¡quinas de coser, repuestos y accesorios",Granada,https://www.maquinasdecosergranada.es/,
Recompra 2.0,ElectrodomÃ©sticos para hogar y hostelerÃ­a,Albolote,www.recomprados.com ,https://instagram.com/Recomprados
Reez Glass Studio,ğŸ’ JoyerÃ­a en vidrio y hecha a mano,Granada,https://reez.es/,https://www.instagram.com/reez_studio/
Regalos Miguel,"Mobiliario, decoraciÃ³n, estufas, carpas plegables",Atarfe,https://www.regalosmiguel.com,https://www.instagram.com/regalosmiguel/
Regalos personalizados Granada ,ğŸ Regalos de empresa. Regalos de Navidad. Regalos personalizados,Granada,Www.regalospersonalizadosgranada.com,
Regaluna,"ğŸğŸ’ ArtesanÃ­a hecha a mano. Pendientes, llaveros, decoraciÃ³n, cuadros...",OgÃ­jares,https://www.etsy.com/es/shop/Regaluna,https://www.instagram.com/regaluna.regalos/
Reviverdes,DecoraciÃ³n y artÃ­culos hechos a mano,Moraleda de Zafayona,https://www.reviverdes.com/,https://www.instagram.com/Reviverdes/
Roldan oliva 1895 SL,Aceite de Oliva Virgen Extra,Illora ,www.roldanoliva.com,https://instagram.com/Roldanolivaove
Rolesa,Servicio de impresiÃ³n y rotulaciÃ³n ,Granada ,www.rolesadigital.es,https://instagram.com/rolesadigital
Ropa&Co,"ğŸ‘—ğŸ‘œ Ropa y complementos, tallas estÃ¡ndar y plus size ",Granada,https://ropaandco.es/,https://www.instagram.com/ropaandco/
Ropaactiva,Ropa seÃ±ora  complementos hogar,Granada,https://www.facebook.com/ropaactiva,https://www.facebook.com/ropaactiva
RopaOk,"ğŸ§¶ğŸ‘™ğŸ§µ Ropa Interior, LencerÃ­a, MercerÃ­a, Lanas.",Granada,Ropaok.com,https://instagram.com/ropa.ok_
Sabor a EspaÃ±a,"ğŸ¥®ğŸ« Turrones, mazapanes,variedad de productos gourmet",Granada,https://www.sabor-espana.com/,https://www.instagram.com/saboraespana/
Sabor a GranÃ¡,"Productos 100% granadinos: alimentaciÃ³n, bebida, artesanÃ­a local y propia (regalos personalizados), souvenirs...",Granada,https://instagram.com/saboragrana,https://instagram.com/saboragrana
Sabores de Granada,ğŸ§€ğŸº AlimentaciÃ³n y bebidas,Granada,https://www.granadasabores.com/,https://twitter.com/sabor_granada
Salomemodas manÃ¡,ğŸ‘— Ropa y complementos ,Armilla,https://salomemodasmana.com/,https://www.facebook.com/Salomemodas-man%C3%A1-211294676044671/
Salsas Sierra Nevada,ğŸŒ¶ï¸ğŸŒ¿ Salsas y Especias,OgÃ­jares,https://salsasierranevada.com/,
Sandra Nails ,Productos de uÃ±as y material ,OgÃ­jares ,https://www.facebook.com/profile.php?id=100008799586134,https://instagram.com/sandra.nails.dys
ScolaPasta,"ğŸ•ğŸ§€ğŸ Pasta fresca, productos italianos, pizza",Granada,https://www.scolapasta.es/,https://www.instagram.com/scolapasta.granada/
Selfi3D,ImpresiÃ³n 3D personalizada,Granada,https://selfi3d.es/,https://instagram.com/selfi_3d
Sensi joyas,ğŸ’ğŸ’ JoyerÃ­a,Granada,www.sensijoyas.com,https://www.instagram.com/sensijoyas/
Sensi joyas,Joyeria ,Granada,Www.sensijoyas.com,https://instagram.com/Sensijoyas
Sertegra,ğŸŒ¡ï¸ Repuestos calderas,CÃºllar Vega,https://www.sertegra.es/,https://twitter.com/sertegra
Sexshop en Casa,Tienda erÃ³tica,Granada,https://www.sexshopencasa.eu,
Sibra moda,Ropa y complementos,Peligros,https://www.sibra.es/,https://instagram.com/sibra.es/
SofÃ¡s y decoraciÃ³n ConfortSena,"SofÃ¡s, sillones, colchones, muebles y decoraciÃ³n",Granada,https://confortsena.com/,https://www.instagram.com/confortsena/
SÃ³lo Aventura,"ğŸ” Material para acampada ğŸ• skimoğŸ¿senderismo, escalada, alpinismo, trekkingğŸƒ,ğŸŒ²ğŸ€ğŸŒ»â›„ğŸ",Granada,https://www.soloaventura.com/,https://www.facebook.com/Tienda-Solo-Aventura-335218849909883/
solo ecos,Productos ecolÃ³gicos ,Granada,https://soloecos.com/,https://instagram.com/solo.ecos
Sonilaser,ğŸ‘•ğŸ–¼ï¸ Camisetas y Regalos personalizados y frikies,Granada,https://sonilaser.com/,https://instagram.com/sonilaseronline
SOS10 sujetadores adhesivos,Sujetadores adhesivos invisibles ,Granada,www.sos10.com,https://www.instagram.com/sosten_sos10/
Soul Natura,"PrismÃ¡ticos, rÃ©plicas de pÃ¡jaros, cajas nido, cÃ¡maras fototrampeo...",Granada,soulnatura.es/,https://instagram.com/SoulNatura
SoulGarden ,ğŸ’ FloristerÃ­a ,Monachil ,www.soulgarden.es ,https://instagram.com/soulgarden_es
soysolo.es,Mascarillas y alpargatas con diseÃ±o originales,Granada,http://www.soysolo.es/es/home/,https://www.instagram.com/soysolo.es/
Spazio Confort,ğŸ›ŒğŸ›‹ï¸ SofÃ¡s y Colchones,Pulianas ,https://spazioconfort.com/,
Sportpool,Material de nataciÃ³n,Churriana de la Vega,https://sportpool.es/,
SPS Sport,Productos deportivos indoor,Granada,https://sps-sport.com/,https://www.instagram.com/spshandball/
Stella GarcÃ­a Collection,ğŸ‘—ğŸ‘ğŸ‘  Moda Mujer,Churriana de la Vega,https://www.stellagarciacollection.com/,https://www.instagram.com/stellagarciacollection/?hl=es
Suministros Federico Sanchez,ğŸ› ï¸ Suministros industrial y ferreteria,Albolote,https://suministrosfedericosanchez.com/,
Suministros Granada,"FerreterÃ­a, fontanerÃ­a, electricidad, informÃ¡tica, mascotas, hogar etc ",Granada,https://www.suministrosgranada.com/,https://www.instagram.com/gruposuministrosgr/
Suministros Industriales Comasur S.A.,"Herramientas, hidrÃ¡ulica, ferreterÃ­a, mangueras, tornillos ","Granada, Motril, Albolote",https://www.comasur.com/,https://www.instagram.com/s.i.comasur_
Supermercado del juguete,"ğŸ§¸â™Ÿï¸ Juguetes, juegos de mesa, figuras de accion",Granada,https://supermercadodeljuguete.es/,https://twitter.com/SuperDelJuguete/
Tambaleo ,Ropa de mujer,Atarfe,https://www.facebook.com/Tambaleo-102213271522303/,https://instagram.com/tambaleomoda 
Taracea Beas Bimbela,"Taracea, artesanÃ­a tÃ­pica de granada. Cajitas, estuches, imanes, llaveros, espejos, muebles...",Granada ,https://www.instagram.com/taraceabeasbimbela/,https://instagram.com/taraceabeasbimbela
Tartas Cristina,ğŸ° Tartas de todo tipo,Granada,https://tartascristina.com/pedido-por-email,https://twitter.com/tartascristina/
TCM,Ropa calzado y complementos,AlmuÃ±Ã©car,https://www.facebook.com/tiendatesachacon/,https://instagram.com/Clothingtcm
Tech Luz,ğŸ’¡ LÃ¡mparas y proyectos de iluminaciÃ³n ,Granada,Techluz.com,
TÃ©cnica Taine,"Material oficina, escolar y bellas aetes",OgÃ­jares,https://www.taine.es/,https://www.instagram.com/tecnica_taine/
Tecniworkpc,"PortÃ¡tiles, pcs, mÃ³viles, tablets, material informÃ¡tico",Granada,http://tecniworkpc.com/,https://instagram.com/Tecniworkpc
Tejidos Alberto,Tejidos y artÃ­culos para el hogar,Granada,https://www.tejidosalberto.com/,https://instagram.com/tejidosalberto
Tejidos MalagÃ³n ,Tejidos y ropa para el hogar ,Granada,https://www.tejidosmalagon.com/,https://instagram.com/Tejidos_malagon
Tejidos Retales al peso ,Tejidos y artÃ­culos de hogar,Granada,www.facebook.com/retalesalpeso ,https://www.instagram.com/retales_al_peso/
Terra Market,"AlimentaciÃ³n, higiene y productos de limpieza",Granada,https://www.terra-market.es/,https://www.instagram.com/terramarket.granada/
Terramar Selecta,ğŸŸğŸ–ğŸ§€ Jamones IbÃ©ricos y productos gourmet,Granada,www.terramarselecta.com,
The greentopia,Semillas fertilizantes  abonos ozono etc ,CÃºllar Vega,https://www.semillasyfertilizantes.net/,
Tienda del Hogar,"Cocina, Hogar/JardÃ­n, Juguetes, PerfumerÃ­a, Moda, Belleza....",Granada,https://www.tiendadelhogar.es,
Tiendas Agatha,"Perfumes, cosmÃ©ticos y maquillaje ","Granada, Armilla, Loja, Pinos Puente",http://agatha.tienda/,https://www.instagram.com/Tiendasagatha/
Tina Arreglos de Ropa y Complementos,ğŸ€ğŸ˜· Pajaritas artesanales. Mascarillas de tela,AlmuÃ±ecar,www.pajaritastina.com,https://instagram.com/Tinica_73
Todoenofi,Material de oficina y escolar,Cijuela,www.todoenofi.com ,https://www.facebook.com/todoenofi
Tomyaya,ğŸ˜·ğŸ‘– Vendemos mascarillas homologadas y pantalones para hacer ejercicios ,Granada,https://www.tomyaya.com/,https://www.instagram.com/tomyayacreaciones/
Toy Planet Bazar Bibarrambla,ğŸ§¸â™Ÿï¸ Juguetes,Granada,linktr.ee/toyplanetgranada,https://instagram.com/bibarrambla.granada
Tropicultura,ğŸ¥‘ Aguacates y frutas tropicales,Jete,https://www.tropicultura.com/,
Tu momento de calma,"Libros, inciensos, infusiones y tÃ©s",Granada,https://www.tumomentodecalma.com/,https://instagram.com/tumomentodecalma
Tuset Baby,ğŸ‘¶ğŸ»Puericultura y ropa de bebÃ©,Granada,https://www.facebook.com/tusetbaby,https://instagram.com/tuset.baby
Tutuses,Moda y complementos,Santa Fe,https://www.facebook.com/tutusess/,https://www.instagram.com/Tutusesss/
UbÃº Libros,ğŸ“š LibrerÃ­a cultural de viejo y nuevo. PoesÃ­a y teatro,Granada,http://ubulibros.com/,
UCLA,Ropa y complementos ,Maracena ,https://uclastyle.com/,https://instagram.com/uclastyle
Udumbara,CosmÃ©tica ecolÃ³gica y natural,Granada,www.udumbaraeco.com,
Urban Green Club,ğŸŒ± Huertos Urbanos,Granada,www.urbangreenclub.es,https://www.instagram.com/urbangreenclub
V.O. VersiÃ³n Original,ğŸ›ğŸ‘—Moda mujer,Granada,www.vogranada.es,https://instagram.com/v.o.versionoriginal
Valhalla Custom,ğŸ ğŸ§¤ğŸ‘ğŸ‘– Ropa y equipamiento para la moto,GÃ³jar ,https://www.valhallacustom.com/,https://instagram.com/Valhalla_custom 
Valle y Vega SCA Cooperativa AgroecolÃ³gica de Granada,ğŸŒ¿ AlimentaciÃ³n ecolÃ³gica ğŸŒ±,Churriana de la Vega,https://tienda.valleyvega.org/,https://www.instagram.com/valleyvega_ecologica/?hl=es
VapeoRock,ArtÃ­culos y accesorios de vapeo,Granada,http://vapeorock.es/,https://www.instagram.com/vapeorock/
Vecos Nucoceutical,Complementos Alimenticios Naturales para la Salud,Armilla,https://vecosnucoceutical.com/,
Verdagal,ğŸŒ¼ğŸŒ· FloristerÃ­a,Granada,https://verdegal.es/,
Vestido y TacÃ³n,ğŸ‘— Moda mujer ,Maracena,https://vestidoytacon.com/,https://www.instagram.com/vestidoytacon/
Viel Spass,ğŸ§¸ Juegos educativos y juguetes ,Granada,https://vielspassjuegos.com/,https://www.instagram.com/vielspass_quetediviertas/
Violeta Calzados y complementos,"ğŸ‘ ğŸ‘¢ğŸ§£ğŸ§¤ Calzado de mujer, bolsos, bisuterÃ­a, bufandas, guantes, paraguas, muchos complementos",Atarfe,https://www.facebook.com/Violeta-Calzados-y-Complementos-715553258522920/,https://www.instagram.com/violetacalzadoycomplementos/
Virgulilla,"ğŸ“š Editorial, autoediciÃ³n, libros",Granada,https://editorialvirgulilla.es/distribucion/,https://twitter.com/EVirgulilla
Vistoporlospies,"Zapatos, Zapatillas, Ropa, Bolsos Y MAS!",Santa Fe,www.vistoporlospies.es,https://instagram.com/vistoporlospiess
Viveros Cambil,"ğŸğŸŒ·ğŸŒ¸ğŸŒ³ğŸŒ´ Plantas, regalos, productos de jardinerÃ­a","Granada, Motril",https://viveroscambil.com/,https://www.instagram.com/vivecambil/
Vroda,"ğŸ‘•ğŸ ImpresiÃ³n de Camisetas, Tarjetas, Bolsas, Flyers...","Granada, Cenes de la Vega",https://vroda.es/,https://www.instagram.com/vrodaimpresiones/
WallieWood,ğŸ›¹ğŸ’ DecoraciÃ³n y joyerÃ­a de skate reciclado,Granada,walliewood.com,https://instagram.com/walliewoodworks
War Lotus,"â™Ÿï¸ Juegos de mesa, juegos de especialista y modelismo",Granada,https://warlotus.com/,https://twitter.com/WarLotus1/
Welmask,"ğŸ˜· Mascarillas quirÃºrgicas y FFP2, lÃ­quidos y gel hidroalcoholico",OgÃ­jares,https://welmask.es/,
Xitin - BebÃ© y decoraciÃ³n,"ğŸ‘¶ Mobiliario, decoraciÃ³n y complementos para bebÃ©s",Granada,https://xitin.com/,https://www.instagram.com/xitin_bebe/?hl=es
XSaccessories,ğŸ‘š Ropa y complementos.,Granada,https://xsaccessories.es,
Yelow,ğŸ”ª ğŸ´ Menaje para el hogar/hostelerÃ­a,Armilla,www.yelow.es,https://www.instagram.com/yelow_es/
Zapateo,ğŸ‘ğŸ‘  Calzado y complementos,AlhendÃ­n,https://instagram.com/ZAPATEO19,https://instagram.com/ZAPATEO19
ZapaterÃ­a infantil De Cuento,Zapatos infantiles y juveniles ,Guadix,https://www.facebook.com/decuentocalzado.juvenil,https://instagram.com/zapateria_infantil_de_cuento
ZapaterÃ­a Minelli,ğŸ‘ğŸ‘  ZapaterÃ­a,Granada,https://zapateriaminelli.com/,https://www.instagram.com/rayer_minelli/
Zarpitas,"ğŸ• AlimentaciÃ³n de mascotas, peluquerÃ­a canina y accesorios",Albolote,https://www.facebook.com/Albolote.Granada/,https://www.facebook.com/Albolote.Granada/